resample_id,lift_pp
0,0.8308844698776439
1,0.7665884402595614
2,0.7070747445817958
3,0.8071498636982686
4,0.7444479554329472
5,0.7228388268217728
6,0.8360211190996663
7,0.9291883363537232
8,0.8030760925559395
9,0.6509264756036252
10,0.9910046408873222
11,0.8385007839482175
12,0.7230159204619477
13,0.7853636565059021
14,0.6592512621182884
15,0.8372609628181791
16,0.7290381282387435
17,0.8025446083391439
18,0.7692452740432028
19,0.7915630106293134
20,0.7889060789622828
21,0.6799748321746895
22,0.7641087001160951
23,0.7332891737290438
24,0.5972578112380735
25,0.6512807682968562
26,0.7217760767434349
27,0.6202839675618337
28,0.6666904599602126
29,0.9222805022567306
30,0.8429288703722525
31,0.7832381563492266
32,0.7740276757489429
33,0.7995335270392204
34,0.8778224013158694
35,0.7986478480125834
36,0.9254686771968289
37,1.022355568666763
38,0.8641838117030766
39,0.7352374823621548
40,0.6932590989762853
41,0.6537604180864246
42,0.8004191533594169
43,0.7506473246153413
44,0.8108694701487222
45,0.758086454691842
46,0.7786328784016274
47,0.7511786582423071
48,0.7835923586885597
49,0.8427517767320771
50,0.8978373408088592
51,0.8779994648380786
52,0.5738774977519293
53,0.6464983590616245
54,0.7088459896926979
55,0.7127427424897668
56,0.7221303619071747
57,0.7819982674537648
58,0.7302780472521715
59,0.78500940898962
60,0.7194735205940418
61,0.8048472623719265
62,0.6925506190027041
63,0.8512537171228476
64,0.701406844557214
65,0.6588970146020063
66,0.7961682283409808
67,0.8981915732661584
68,0.8409805617391412
69,0.7354145760023301
70,0.9899419133974592
71,0.6307343671755453
72,0.7943969681710957
73,0.8356668489949096
74,0.8656008092976962
75,0.7752675721738964
76,0.7118570935810957
77,0.7148682727644083
78,0.7786328934606103
79,0.7894374577661973
80,0.7077832847913089
81,0.8176001503696076
82,0.8076813177970981
83,0.6767865744101844
84,0.7975851958176347
85,0.7541897771896878
86,0.7662342078022623
87,0.902619719926125
88,0.738071485080886
89,0.693790492839183
90,0.8703831357085218
91,0.6652735226015248
92,0.9098817714214336
93,0.9281256013343682
94,0.7598577750976588
95,0.8827818138373782
96,0.7086689336999803
97,0.7010525669229661
98,0.7051264284191932
99,0.7214217915796954
100,0.740551232753844
101,0.8909294991823753
102,0.8730399996101291
103,0.7035322920074493
104,0.7975852108766178
105,0.7768617085856404
106,0.7912087028770994
107,0.7795184294269092
108,0.7313407747420348
109,0.754189762130705
110,0.8494825247183861
111,0.708314625947766
112,0.7566694872151881
113,0.642424542742346
114,0.7322263107083334
115,0.7855407501460774
116,0.7729649557885712
117,0.7244329331155507
118,0.5705121764652155
119,0.9213949211134828
120,0.6167415375759617
121,0.8213197718790443
122,0.6884767650359682
123,0.6755466328082823
124,0.7492303646681787
125,0.7499388672302345
126,0.6415388787746921
127,0.7919172204981382
128,0.8055557724634735
129,0.7979394207454422
130,0.7683597456063954
131,0.6176271187192096
132,0.8928778755809098
133,0.7630459575672488
134,0.7485217792817168
135,0.7885518163870175
136,0.6847571962329723
137,0.8137035105149109
138,0.7795185423692816
139,0.8048472924898922
140,0.7674741343451814
141,0.7492302441963149
142,0.7952825643733265
143,0.8133492178216798
144,0.7951054330856941
145,0.7940426679483734
146,0.7067205573014456
147,0.6718270640052864
148,0.7391342878656643
149,0.7912086501706592
150,0.7781015297156788
151,0.7488760493864735
152,0.7912086953476078
153,0.7373630352252709
154,0.8190171178462615
155,0.8847302805898106
156,0.7030008680265855
157,0.7802270675198116
158,0.8597557403380245
159,0.7517100219872387
160,0.7605661647173422
161,0.8721543657604407
162,0.8250394310359381
163,0.8964203733322053
164,0.7440937380346309
165,0.7345290701539969
166,0.6558859408315746
167,0.6822773431471338
168,0.7097316235423861
169,0.638527759827311
170,0.7527728021835424
171,0.7063663097851635
172,0.733466282428202
173,0.6766093828866202
174,0.7697767130830493
175,0.7331119822054792
176,0.884375965308105
177,0.8523165123781345
178,0.7533041132220336
179,0.7483447308184905
180,0.8726857295053726
181,0.5818481045157343
182,0.7005211655305769
183,0.8239766960165835
184,0.8517851411037114
185,0.7502929792156696
186,0.8749883985971381
187,0.8636524931350937
188,0.7348833402587536
189,0.735060328486048
190,0.7093774362620358
191,0.6287859230115874
192,0.660491113366293
193,0.5650213173743683
194,0.9047452200828004
195,0.7090230532149071
196,0.8335413940151831
197,0.7540126609610385
198,0.9408785495679816
199,0.6565944358641388
200,0.7750904107682977
201,0.8588700537818961
202,0.7582636311564237
203,0.7224845717759991
204,0.6519892030934886
205,0.6716500230715516
206,0.805201532476683
207,0.8450543328814706
208,0.6787349583382105
209,0.8608184753573795
210,0.8732171308977614
211,0.6991042733488381
212,0.7579093911696329
213,0.8331870636744947
214,0.6826316810173136
215,0.8898668394579354
216,0.5683866537200655
217,0.7270897894876664
218,0.7779243833690632
219,0.744270846733789
220,0.8335413413087425
221,0.7076061384446934
222,0.8152974812778422
223,0.9697497748514132
224,0.8595785714029348
225,0.7157538463781646
226,0.8193714105394927
227,0.7432080815964682
228,0.6879454088205283
229,0.7782786986507688
230,0.770662324344263
231,0.8457629182679328
232,0.8673720468791067
233,0.698041493152534
234,0.7359459698652278
235,0.9261772550537999
236,0.7951053803792536
237,0.9897648348162669
238,0.8264563985125921
239,0.6431330001274528
240,0.8999629087309582
241,0.7189420740247036
242,0.6293173244039764
243,0.904568103854151
244,0.7067205121244966
245,0.7205362104364476
246,0.9095275615526088
247,0.615501543267619
248,0.6461440889568678
249,0.7449792664714381
250,0.6987498601837429
251,0.7981166122690068
252,0.7858950353098169
253,0.7715479356054766
254,0.6794434458412834
255,0.8620583341348752
256,0.7200048768094821
257,0.621523833868821
258,0.8794165000801556
259,0.6953845614855035
260,0.8319472350149647
261,0.7713707892588615
262,0.6234722177968471
263,0.6893623762971822
264,0.7407283640414764
265,0.6927276975838961
266,0.8880955868175416
267,0.631442809501669
268,0.7869577251522226
269,0.7446250716615966
270,0.6787349658677021
271,0.9070478967040576
272,0.615324509863376
273,0.6782035720048044
274,0.8383237354849915
275,0.7866034926949237
276,0.5427036410241896
277,0.7587949798423723
278,0.632859792037306
279,0.6859970248925022
280,0.7839466062048418
281,0.7910315791189584
282,0.8273419570673655
283,0.8145890238927354
284,0.7827067775453118
285,0.7481675543539092
286,0.9159040544931444
287,0.8287589621914768
288,0.8478884410130828
289,0.7961681304575915
290,0.7150453889930581
291,0.7678283818614635
292,0.6365794361352172
293,0.8873870616670116
294,0.7901459151513042
295,0.7798727823560722
296,0.579191240614127
297,0.7276211758210728
298,0.8539105584359805
299,0.8592242787097036
300,0.8742799035645739
301,0.8386779378243246
302,0.8370838541190213
303,0.917143883152674
304,0.7651714577239246
305,0.6831629995852965
306,0.7192963290704772
307,0.6585427821447075
308,0.8013048474450373
309,0.8572760077240498
310,0.7490531430266484
311,0.7796956134209821
312,0.7116800300588866
313,0.6073539106290625
314,0.7309865724027018
315,0.5379213146133641
316,0.6578342795826517
317,0.7843008988980729
318,0.8886269355034903
319,0.7120342098097452
320,0.7745590470233661
321,0.8191942114864366
322,0.8237995571994592
323,0.8648923217946237
324,0.8664864280884015
325,0.7614518663324539
326,0.9128929506047465
327,0.7309865498142273
328,0.6921963790159136
329,0.7138055076270876
330,0.6700558866598076
331,0.7187649954435115
332,0.8241537670682839
333,0.8390321928700983
334,0.715399576273408
335,0.8441688722100864
336,0.8771139062833052
337,0.7338205148855008
338,0.8101609224097174
339,0.8710916909770179
340,0.793865619485147
341,0.7708394706908785
342,0.7285067720233036
343,0.8025446384571095
344,0.7290381432977268
345,0.7518871608043626
346,0.6797977385345145
347,0.8386779905307652
348,0.8055558251699142
349,0.6921963790159136
350,0.8271649311926137
351,0.7573779822477523
352,0.6998127232044533
353,0.6746610893124918
354,0.7846551238258805
355,0.7874890964266458
356,0.7127427650782413
357,0.7708394556318956
358,0.8066185074828283
359,0.7129198286004504
360,0.7024696096945348
361,0.7835923059821195
362,0.7628688865155484
363,0.8555047927311137
364,0.8269877697870153
365,0.796876708314562
366,0.7958139356477496
367,0.8213197191726036
368,0.7616290729150013
369,0.6068225845315883
370,0.6709414979210213
371,0.7325805657541071
372,0.7348832724933304
373,0.8342498815182557
374,0.8296446111001481
375,1.022709846301011
376,0.7727878395599217
377,0.6741296653316284
378,0.8648922916766576
379,0.8402720817655602
380,0.775798920859845
381,0.6240035664827958
382,0.773850597167751
383,0.768536801599113
384,0.8746341360218728
385,0.7855406748511623
386,0.7421453465771135
387,0.8436373879932911
388,0.8670178445397737
389,0.7703080391805235
390,0.6565944509231216
391,0.7038865094057652
392,0.7244329105270761
393,0.7370088027679716
394,0.724787150513867
395,0.8601099727953236
396,0.7816440124079911
397,0.800064935961101
398,0.8457629032089495
399,0.7827067549568374
400,0.7979394207454422
401,0.8570988387889601
402,0.8627667538725247
403,0.8953576684308163
404,0.7499388371122684
405,0.8510766385416556
406,0.6495094855384967
407,0.5784827305225799
408,0.7701309681288228
409,0.6842257571931256
410,0.6737754102858546
411,0.7412598106108146
412,0.8292903711133572
413,0.7518872135108032
414,0.7478133595440674
415,0.8482425981754669
416,0.7731421171941696
417,0.7442708542632805
418,0.610542236158991
419,0.5965493613824584
420,0.8025446610455841
421,0.6312656857435279
422,0.8385008140661836
423,0.8951805672611498
424,0.5749401725353525
425,0.7938655818376896
426,0.7332891059636203
427,0.6937905229571488
428,0.7717250970110754
429,0.7963453746875963
430,0.7648172553845912
431,0.5797225064756693
432,0.8257478808915534
433,0.9275942375894366
434,0.5818480518092938
435,0.7873120027864708
436,0.9396386456135365
437,0.8059100726861963
438,0.8237995120225102
439,0.8563903588153787
440,0.8811876849551259
441,0.6372878634023579
442,0.5837964884437604
443,0.8815419701188654
444,0.6762551805472867
445,0.5669696561254455
446,0.8043159362744523
447,0.7518871156274136
448,0.7586179389086376
449,0.8889812281967214
450,0.7843008160736665
451,0.7130969147111341
452,0.8176001729580822
453,0.8202571196840959
454,0.8447000778356969
455,0.8429289155492015
456,0.848065504535292
457,0.7984707844903741
458,0.6797976933575655
459,0.7231930893970377
460,0.690602280251627
461,0.7589720810120388
462,0.8069726797041956
463,0.8204341304998645
464,0.8335413413087425
465,0.7320492095386668
466,0.9821484153328123
467,0.6539375644330402
468,0.8165374379387271
469,0.6270147230776343
470,0.7428537964327288
471,0.6534062232765827
472,0.5852134408614311
473,0.7997107110332934
474,0.8532021085803653
475,0.905985056271822
476,0.8868557054515714
477,0.7122113335678862
478,0.7749133171281227
479,0.7067204970655137
480,0.6932590914467938
481,0.8259250950035925
482,0.885792977961708
483,0.6985727364256018
484,0.5866303932791022
485,0.8252165246761132
486,0.6815689158799928
487,0.9288340813079495
488,0.8284047673816353
489,0.9224576335443633
490,0.7210676193583284
491,0.8188400091471034
492,0.7752675269969475
493,0.8160060591348127
494,0.840449190464718
495,0.6206383355499799
496,0.7701309681288228
497,0.7671198717699165
498,0.9515059901154276
499,0.7671198717699165
500,0.8496596258880527
501,0.7207133116061141
502,0.855858964952481
503,0.8507223910253735
504,0.634808145847366
505,0.6450813765259876
506,0.6844028809512668
507,0.6985728418384827
508,0.644018618918158
509,0.8266335072117502
510,0.635162318068733
511,0.7974080645300023
512,0.9412327970842637
513,0.6723585181041158
514,0.7440937305051396
515,0.6208154141311719
516,0.7648171951486593
517,0.7510015646021319
518,0.6925506340616869
519,0.7974081021774597
520,0.7695996043838912
521,0.8930550671044744
522,0.9098817940099081
523,0.7901460055052021
524,0.9307824426475011
525,1.0257208974829684
526,0.7779243908985545
527,0.9146642183041228
528,0.8599328640961655
529,0.6836944009776854
530,0.5276481291116918
531,0.6911335912901183
532,0.8806563212101943
533,0.8981915732661584
534,0.55899914724503
535,0.7687139178277624
536,0.9520373237423934
537,0.7745590470233661
538,0.8131720790045559
539,0.7922714830734031
540,0.7547211409346194
541,0.8755197397535951
542,0.7168166115154855
543,0.6911335837606267
544,0.8172459555597658
545,0.7952825041373947
546,0.6688159074104478
547,0.7644629476323772
548,0.9261772249358338
549,0.8262792371069937
550,0.6750152841223336
551,0.732226318237825
552,0.8101609675866663
553,0.7623374775936678
554,0.7026466205103034
555,0.7671197738865272
556,0.7196506292932
557,0.6454355788653208
558,0.7017610996029877
559,0.6705872579342308
560,0.7499387844058282
561,0.6633251612619733
562,0.7262041932854356
563,0.714868235116951
564,0.7525956859548929
565,0.8253936860817119
566,0.7947512834528013
567,0.7088460725171043
568,0.6418931488794487
569,0.6973329604725125
570,0.7490532634985121
571,0.6266603927369458
572,0.7943969455826212
573,0.8841987511960664
574,0.6955617153616103
575,0.8572759926650668
576,0.726558365506803
577,0.7230159430504223
578,0.7669427178938093
579,0.7935113267919159
580,0.9010256964567535
581,0.658188579805374
582,0.5924754998862313
583,0.9190923273166323
584,0.759857714861727
585,0.8052015249471914
586,0.7809354496100037
587,0.733643406186343
588,0.7513557594119736
589,0.8144119754295089
590,0.7293923832845172
591,0.9146641806566654
592,0.611782019641572
593,0.7892604243619542
594,0.70459505714477
595,0.6891852148915835
596,0.8278733509302632
597,0.9150184357024391
598,0.7109715124378478
599,0.8960661182864316
600,0.7695995592069422
601,0.8381466117268505
602,0.7424995564459379
603,0.8043158910975033
604,0.7867806465710305
605,0.8154746803308979
606,0.7835923888065258
607,0.8011276182740155
608,0.7508244634324652
609,0.6468525990484149
610,0.8439917032749967
611,0.6748381904821583
612,0.7093774889684764
613,0.9412327669662977
614,0.8517851411037114
615,0.6877683302393363
616,0.7313407822715261
617,0.6868826135652415
618,0.6927277277018622
619,0.6064682993678489
620,0.7649943414952749
621,0.732580625990039
622,0.8817190336410745
623,0.7472819129747295
624,0.7143368186655789
625,0.6408303686831447
626,0.8176002181350311
627,0.7276211381736151
628,0.6824545723181558
629,0.7991792870524296
630,0.7504701632097429
631,0.7407282962760529
632,0.751178628124341
633,0.8627668668148968
634,0.8455857719213172
635,0.8284047222046863
636,0.745510675393319
637,0.8820733338637969
638,0.6441957502057907
639,0.8493053256653303
640,0.6890081513693747
641,0.852139366031519
642,0.5767114628232033
643,0.8870327689737806
644,0.6248892078619755
645,0.8813648463607243
646,0.8202570218007064
647,0.8902210493267597
648,0.7196505238803188
649,0.6472068390352057
650,0.9049223061934841
651,0.7818210909891834
652,0.5598847434472608
653,0.8981916786790393
654,0.6243578290580611
655,0.7281525245070215
656,0.6592512771772717
657,0.7731420569582377
658,0.6516349781656806
659,0.8698517794930815
660,0.7504701255622852
661,0.8719773097677231
662,0.6755467005737058
663,0.8441687893856801
664,0.7545440623534273
665,0.8257478808915534
666,0.8496596409470359
667,0.7761531081401953
668,0.7724335543961819
669,0.6392363452137731
670,0.9036824398864968
671,0.8542648210112456
672,0.7233701679782298
673,0.7963453520991217
674,0.8700289408986799
675,0.6220552051432442
676,0.7699538594296649
677,0.6466754075248503
678,0.713097020124015
679,0.7697766980240661
680,0.7203590791488153
681,0.7657028064098733
682,0.8073269799269179
683,0.6944989878717472
684,0.709554544961194
685,0.9417641608291952
686,0.7391342125707495
687,0.605051316832212
688,0.7931570566871594
689,0.7896145589358639
690,0.8299988661459214
691,0.8799478412366131
692,0.8299989037933793
693,0.8498367797641598
694,0.889158269130456
695,0.93609619303919
696,0.7990021557647973
697,0.8147661325918931
698,0.7524184718428538
699,0.671472876724936
700,0.8082126288355893
701,0.8728628833814793
702,0.778987058152486
703,0.7981165219151088
704,0.7750903957093148
705,0.6672218161756529
706,0.8452316373474072
707,0.8976602396391926
708,0.5908813935924535
709,0.667930416621098
710,0.7159309626068144
711,0.674661059194526
712,0.7800499136437048
713,0.7224845868349823
714,0.801836150954037
715,0.9445981560184349
716,0.755783898542449
717,0.7685368317170788
718,0.8385007990072006
719,0.7414369042509895
720,0.7890831876614407
721,0.7607433712998897
722,0.7012296530336495
723,0.8409805767981244
724,0.8411576102023675
725,0.7479903854188192
726,0.6943218415251317
727,0.7414368515445493
728,0.9026196747491759
729,0.8742798885055907
730,0.8080355276659228
731,0.7476362583744008
732,0.9141328169117339
733,0.4925775722933231
734,0.6806832820303046
735,0.8640066502974778
736,0.7793414336701234
737,0.7455107356292509
738,0.813526371697787
739,0.8599328716256571
740,0.7837695351531414
741,0.8211426029439541
742,0.7765073857744432
743,0.8494824870709288
744,0.8324785385239644
745,0.904922321252467
746,0.6881224572837543
747,0.7286838807224614
748,0.7625145938223172
749,0.685288529859938
750,0.8353125864196447
751,0.8005962846470496
752,0.6927277051133878
753,0.7756217745132296
754,0.7398427301917883
755,0.6991041754654485
756,0.8261021811142761
757,0.7504701556802513
758,0.7363002098520182
759,0.7804041159830379
760,0.7171708138548185
761,0.6693473464502945
762,0.8528478535345916
763,0.8491282244956637
764,0.8852615615103359
765,0.7667655263702451
766,0.71274275754875
767,0.7889060864917742
768,0.6686388514177303
769,0.8004191307709425
770,0.676078071848129
771,0.6854656762065536
772,0.904036717520745
773,0.6495095005974796
774,0.7793413659047
775,0.8556818261353571
776,0.8879184480004177
777,0.8652466069583632
778,0.9814399579477054
779,0.728683933428902
780,0.7557838383065167
781,0.7192962914230199
782,0.8702059893619062
783,0.8211426104734455
784,0.7178793088873827
785,0.7697767206125407
786,0.8014818959082632
787,0.7368316639508478
788,0.7341747849902575
789,0.7401970078260365
790,0.8772910074529717
791,0.7056577620461589
792,0.7331120951478518
793,0.8934092769732986
794,0.6712957830847608
795,0.6920192552577725
796,0.7821754062708887
797,0.7072518758694284
798,0.9194464920085077
799,0.7389571339895574
800,0.7711936805597033
801,0.619044153961287
802,0.7533041583989826
803,0.7394885203229635
804,0.5933611337359195
805,0.6767865668806932
806,0.843460279294133
807,0.7504701105033023
808,0.8027217396267762
809,0.7107944112681813
810,0.7644629777503433
811,0.9761262527329655
812,0.5767114778821861
813,0.608416713413841
814,0.854264888776669
815,0.6930819978066188
816,0.7527728473604913
817,0.821142663179886
818,0.7177022152472078
819,0.7688911469987844
820,0.7759760521474774
821,0.7488760418569819
822,0.7843008386621411
823,0.7387800027019248
824,0.7253186046126965
825,0.7851865026297953
826,0.8666635141990852
827,0.7203590415013574
828,0.886678544045973
829,0.824862231982882
830,0.7896145589358639
831,0.8827817987783954
832,0.8075041563914996
833,0.756138115940765
834,0.72301598069788
835,0.9917131058019206
836,0.7770388323437815
837,0.7706622189313821
838,0.6626166059934772
839,0.7005212107075258
840,0.7187649803845286
841,0.8778223486094288
842,0.751355812118414
843,0.8220282593821169
844,0.9499118838216497
845,0.7426767329105195
846,0.7171707987958357
847,0.8076812650906577
848,0.6782035042393809
849,0.921926232151974
850,0.8351355153679442
851,0.8262792898134339
852,0.772433539337199
853,0.850368151038583
854,0.8994315449860266
855,0.5887558934357776
856,0.8500139788172156
857,0.7711936880891945
858,0.7373629674598474
859,0.5393383423259499
860,0.808566838704414
861,0.8911066605879737
862,0.7253185443767647
863,0.8618812103767342
864,0.7683596401935145
865,0.8505452672672325
866,0.718056447704507
867,0.7906773692501337
868,0.8239766433101429
869,0.7818211361661321
870,0.5956637576507363
871,0.7873119801979963
872,0.8310616312832423
873,0.6677532401565163
874,0.7943969004056722
875,0.7215989228673281
876,0.8508995147835146
877,0.6700558414828587
878,0.7812896971262858
879,0.7919172054391552
880,0.6872368535520319
881,0.7231930668085633
882,0.7968767309030366
883,0.8138806418025436
884,0.8528478836525577
885,0.6477381726621712
886,0.8406263443408252
887,0.7520642544445378
888,0.8431060091893764
889,0.6388820525205421
890,0.8268106987353148
891,0.7153996289798487
892,0.7387799424659929
893,0.7761531307286698
894,0.6085937317591008
895,0.7839465685573844
896,0.6116049109424139
897,0.7614518437439793
898,0.756492333339081
899,0.8594014175268276
900,0.7467505266413231
901,0.7097315858949287
902,0.8484197746400486
903,0.7212446602920628
904,0.8090982777442607
905,0.7554296886736243
906,0.7265583429183285
907,0.7371858662901808
908,0.671472876724936
909,0.8039616962876615
910,0.8594015455281829
911,0.6457898489700773
912,0.5150722594592705
913,0.6611996385168233
914,0.7582636010384576
915,0.9091732989773439
916,0.6348080931409255
917,0.8138805815666114
918,0.8804792953354426
919,0.7511787109487473
920,0.8471799233920441
921,0.9159040770816189
922,0.7194735356530247
923,0.8028988709144088
924,0.8262792521659765
925,0.636225158500969
926,0.7258499457691535
927,0.9258229924785345
928,0.8346040687986059
929,0.7853635360340384
930,0.647206801387748
931,0.7138055000975964
932,0.9924216234229594
933,0.8521394262674509
934,0.8255707420744295
935,0.7331120273824283
936,0.8632982155008455
937,0.6672218764115847
938,0.6557088321324165
939,0.7122113787448352
940,0.8227368071211216
941,0.845408633104193
942,0.7123884949734847
943,0.8510766310121644
944,0.8317700886683491
945,0.7913858115762575
946,0.7417911065903227
947,0.947609199670901
948,0.6583656960340238
949,0.7396655763156811
950,0.6799748246451978
951,0.5517370279842979
952,0.861526962860452
953,0.8608184000624644
954,1.035994098043624
955,0.6188670000851798
956,0.9291883438832145
957,0.8590472001285117
958,0.7655256977107151
959,0.6661591564512129
960,0.5738775203404038
961,0.6735983844111032
962,0.9323765865887367
963,0.6611996535758061
964,0.7734963270629943
965,0.6567716123287202
966,0.7006983495246498
967,0.7125655735546768
968,0.7538355372028973
969,0.7577322749409834
970,0.6564172593995572
971,0.7887290229695653
972,0.8245080221140576
973,0.7279754082783717
974,0.6939676467152899
975,0.6300258721429811
976,0.7674740214028093
977,0.779341411081649
978,0.8762282046681936
979,0.8997857849728171
980,0.6080624583680673
981,0.6750152690633507
982,0.6695244777379268
983,0.8900439330981104
984,0.7834152575188932
985,0.8147662304752827
986,0.8011276860394388
987,0.7749132644216825
988,0.6002689452444375
989,0.5609474332896668
990,0.8617040339121529
991,0.7554296359671836
992,0.9024426639334073
993,0.7196506292932
994,0.695384629250927
995,0.7990022009417462
996,0.9058079701611383
997,0.78430088383909
998,0.6914878764538578
999,0.8165374529977103
1000,0.820965539421745
1001,0.6456127779183765
1002,0.7795185273102985
1003,0.7022924181709702
1004,0.8847300697640486
1005,0.8232681558070702
1006,0.7171708665612592
1007,0.7984707468429164
1008,0.7490532333805464
1009,0.8392093166282394
1010,0.9385759708301137
1011,0.7254956455464312
1012,0.7816440349964655
1013,0.7858950051918507
1014,0.8356668489949096
1015,0.7779245038409269
1016,0.8670177541858757
1017,0.6808603681409884
1018,0.8321243738320886
1019,0.7556066994893927
1020,0.7664113466193861
1021,0.7954596806019762
1022,0.78624923764915
1023,0.6994584380407134
1024,0.6480924502964194
1025,0.7557837630116017
1026,0.7557838910129573
1027,0.8595786316388666
1028,0.7017610393670558
1029,0.7486989105693491
1030,0.8937635922550042
1031,0.7083147012426811
1032,0.6996355467398716
1033,0.7765074836578327
1034,0.8447002284255267
1035,0.9065165028411599
1036,0.6888310803176738
1037,0.8579844199322075
1038,0.8163603668870266
1039,0.7215989379263109
1040,0.8427518369680094
1041,0.8957118481816749
1042,0.8423975894517273
1043,0.8477112946664672
1044,0.7924485842430696
1045,0.8570988613774345
1046,0.8200799432195143
1047,0.851962197096429
1048,0.7612747425743128
1049,0.8347812076157299
1050,0.8034302572478148
1051,0.7251414432070981
1052,0.6679303112082171
1053,0.8090982551557862
1054,0.7442707940273484
1055,0.7276212134685301
1056,0.562364453472761
1057,0.715222497692216
1058,0.6983957783162739
1059,0.7899688892765526
1060,0.5853905646195722
1061,0.7903230087914794
1062,0.6411846689058673
1063,0.9458380449138968
1064,0.6402989522317725
1065,0.7713708344358101
1066,0.822559675833489
1067,0.8089211765745942
1068,0.7678283140960405
1069,0.7506472944973752
1070,0.785540727557603
1071,0.864538021571901
1072,0.638173497252046
1073,0.9515059976449192
1074,0.8553275710895835
1075,0.7802269846954053
1076,0.6319741732466009
1077,0.7235473293838286
1078,0.6059369431524085
1079,0.8301759899040626
1080,0.7217760842729265
1081,0.7469277106353964
1082,0.9074020839844078
1083,0.7587950174898297
1084,0.7919172129686465
1085,0.8014819034377549
1086,0.6503951570356423
1087,0.8985458659593891
1088,0.6431329850684699
1089,0.8202570218007064
1090,0.8177773494226634
1091,0.7178793164168744
1092,0.7262042234034017
1093,0.8484197219336079
1094,0.826456368394626
1095,0.8795936238382966
1096,0.8657779104673629
1097,0.7015839909038295
1098,0.655885978479032
1099,0.8477112570190098
1100,0.6992812615761321
1101,0.7153995988618825
1102,0.710085886117651
1103,0.8028988935028833
1104,0.9807314478561584
1105,0.8064413611362127
1106,0.6670447978303927
1107,0.8703831206495389
1108,0.7008754657532996
1109,0.7733191129509552
1110,0.7770387796373408
1111,0.7945740316933049
1112,0.7669427254233009
1113,0.8546191814699001
1114,0.6108963782623923
1115,0.6415388411272344
1116,0.614084681203846
1117,0.768182539023848
1118,0.5788369253324214
1119,0.7212446602920628
1120,0.8137034578084703
1121,0.9251144673280045
1122,0.7896145965833216
1123,0.7692453116906601
1124,0.8404491754057352
1125,0.9136013854013785
1126,0.8657778652904138
1127,1.005351687885222
1128,0.6596054870460961
1129,0.7602120226139409
1130,0.8563903588153787
1131,0.8213198321149761
1132,0.7575551888302997
1133,0.6865284036964168
1134,0.8098067878358077
1135,0.7191192279008107
1136,0.6279003418683395
1137,0.7543669310657947
1138,0.7138054850386131
1139,0.8011276483919811
1140,0.8576302928877896
1141,0.7945740919292368
1142,0.8955348298364147
1143,0.8179544731808045
1144,0.7834152951663506
1145,0.7573779521297862
1146,0.7805812698591448
1147,0.8709145521598939
1148,0.8347812452631876
1149,0.7584408000915134
1150,0.6135532647524737
1151,0.9281256163933514
1152,0.689362361238199
1153,0.7483446856415416
1154,0.6716499176586708
1155,0.7628687735731758
1156,0.9474321361486917
1157,0.8131720790045559
1158,0.6257747890052234
1159,0.8144118398986621
1160,0.8594015304692001
1161,0.8195484288847525
1162,0.8331870862629691
1163,0.9314909452095569
1164,0.8340726749357084
1165,0.6317970871359171
1166,0.7499387392288791
1167,0.6932591065057767
1168,0.8213197492905697
1169,0.7508244935504313
1170,0.7451564052885624
1171,0.6491551627272996
1172,0.7667655113112619
1173,0.8285819137282509
1174,0.8275192314153363
1175,0.7440937079166651
1176,0.7687139855931859
1177,0.9242287807718759
1178,0.6799748171157065
1179,0.81795445059233
1180,0.8514309237053951
1181,0.8174230567294324
1182,0.8921694257252946
1183,1.0264294979284134
1184,0.6838715397948096
1185,0.9922444921353267
1186,0.7917400892105054
1187,0.8133491801742224
1188,0.9226347347140298
1189,0.7687139178277624
1190,0.8932321682741409
1191,0.777215933513448
1192,0.5793683568427764
1193,0.8214969408141343
1194,0.7510015043662
1195,0.7428538641981521
1196,0.6362251735599518
1197,0.8151204102261413
1198,0.8315929874986826
1199,0.8923466021898758
1200,0.6863512724087844
1201,0.7614518512734709
1202,0.8183086303431887
1203,0.8319472048969986
1204,0.8289361386560584
1205,0.8411577005562655
1206,0.859578624109375
1207,0.9066936943647245
1208,0.8105152602798975
1209,0.8360211567471236
1210,0.7111485985485315
1211,0.8431060468368338
1212,0.8346040537396231
1213,0.8204341606178303
1214,0.7118571764055022
1215,0.6720042103519015
1216,0.8232680955711381
1217,0.7044179032686628
1218,0.7246100869916579
1219,0.6433101464740684
1220,0.776861625761234
1221,0.8245080221140576
1222,0.6927277277018622
1223,0.834426975158431
1224,0.7157538990846053
1225,0.7968766254901557
1226,0.649332369309847
1227,0.9212177070014437
1228,0.7322264010622314
1229,0.7090231059213473
1230,0.7474590819098195
1231,0.7625146841762153
1232,0.8730399770216547
1233,0.7231930668085633
1234,0.8594015530576746
1235,0.7070748274062021
1236,0.6495094027140904
1237,0.8583386975664558
1238,0.7419682152894809
1239,0.7311636886313512
1240,0.809275409031893
1241,0.8257479185390108
1242,0.6886539038530926
1243,0.9316680463792235
1244,0.6029258242050278
1245,0.9210405757138114
1246,0.7354146061202959
1247,0.9183837494596614
1248,0.6640336337060629
1249,0.7260270168208544
1250,0.9123614739174425
1251,0.9024426187564584
1252,0.657479979359929
1253,0.8562132124687631
1254,0.6882995659829125
1255,0.6670447526534438
1256,0.9043909575075355
1257,0.6402989823497386
1258,0.8135263641682954
1259,0.8771138611063563
1260,0.6130218708895762
1261,0.6541146580732151
1262,0.7014068520867056
1263,0.6344539209195584
1264,0.9366275643136132
1265,0.8804791974520533
1266,0.8020132822416697
1267,0.8245080221140576
1268,0.8030759720840753
1269,0.7357689138725101
1270,0.8411576930267738
1271,0.7076061158562189
1272,0.6617310624976867
1273,0.853733502443263
1274,0.8241537520093011
1275,0.7442707639093826
1276,0.8030760549084817
1277,0.757555068358436
1278,0.700698319406684
1279,0.7412596826094593
1280,0.9190922971986661
1281,0.7423224929237291
1282,0.9079334627883227
1283,0.7017610318375642
1284,0.6606682747718914
1285,0.8112236649585637
1286,0.9941928158274209
1287,0.7277982544022649
1288,0.7635773589596381
1289,0.7630460027441978
1290,0.9065164426052281
1291,0.724964319448957
1292,0.7508244860209398
1293,0.6998126554390298
1294,0.7453335742236524
1295,0.7316950147288254
1296,0.8273419570673655
1297,0.9019112550115269
1298,0.7060120697983729
1299,0.8314158562110499
1300,0.8230910019309632
1301,0.6944989502242895
1302,0.8723315422250223
1303,0.7382485335441124
1304,0.7765073556564774
1305,0.8829589150070448
1306,0.5527996952382295
1307,0.6479153114792955
1308,0.8620582889579262
1309,0.7922714604849286
1310,0.7345289722706076
1311,0.9229890424662438
1312,0.8230910395784206
1313,0.8415119480725476
1314,0.7518872210402945
1315,0.8461171883726893
1316,0.5786598693397038
1317,0.8470027845749202
1318,0.8103381289922649
1319,0.834604008562674
1320,0.8677263094543718
1321,0.7045950496152784
1322,0.8122864451548674
1323,0.7582636688038811
1324,0.6875911763632291
1325,0.7366544950157576
1326,0.6982185792632177
1327,0.5007252651678115
1328,0.7678283743319723
1329,0.6721813115215685
1330,0.6232951618041296
1331,0.8413347941964404
1332,0.5485487777492846
1333,0.7095544847252621
1334,0.7444479403739639
1335,0.6877682323559466
1336,0.7463963318314816
1337,0.9010256663387873
1338,0.6617310097912464
1339,0.6934362227344264
1340,0.6610224771112245
1341,0.6475610865514878
1342,0.5855677034366964
1343,0.837438146812252
1344,0.8367295689552814
1345,0.7777472596109222
1346,0.7972309483013525
1347,0.7807584237352518
1348,0.7380714549629204
1349,0.7929799555174928
1350,0.6498636954073215
1351,0.7040636331639063
1352,0.7120342248687281
1353,0.838323682778551
1354,0.8013047796796138
1355,0.7510015344841661
1356,0.7984708070788487
1357,0.6638565174774131
1358,0.8973060222408763
1359,0.7734963044745198
1360,0.6574800471253525
1361,0.6969787430741965
1362,0.7518871683338542
1363,0.7097316913078096
1364,0.7400198840678953
1365,0.7800499437616706
1366,0.7093773986145784
1367,0.870737368165821
1368,0.652520581897403
1369,0.7120342775751687
1370,0.6914878463358917
1371,0.7347061336762061
1372,0.8500139261107754
1373,0.8057329037511062
1374,0.9814399504182142
1375,0.82397662825116
1376,0.6913107677546996
1377,0.5689179496995735
1378,0.8833131775823101
1379,0.8374380639878456
1380,0.9415870446005458
1381,0.6436643036364524
1382,0.8057328661036485
1383,0.8888040743206146
1384,0.8810106063739338
1385,0.6392362096829262
1386,0.7293924359909578
1387,0.8296446035706565
1388,0.8889811604312979
1389,0.695916015584333
1390,0.9059850261538559
1391,0.8769367373482152
1392,0.9307824577064839
1393,0.7329348885653043
1394,0.6268376143784761
1395,0.7798728049445467
1396,0.7740277133964003
1397,0.8532021914047717
1398,0.7846550786489316
1399,0.8654236930690469
1400,0.8418662407657783
1401,0.6349853524299134
1402,0.8347811774977641
1403,0.8650694154347986
1404,0.6998126855569955
1405,0.8436374406997315
1406,0.7901459678577447
1407,0.7386028412963264
1408,1.0388281760572702
1409,0.8013047796796138
1410,0.7855406974396368
1411,0.8813648237722498
1412,0.6631479923268833
1413,0.741082543792335
1414,0.7221302564942935
1415,0.9059851315667368
1416,0.915195544401597
1417,0.8190171931411763
1418,0.8144118700166282
1419,0.5552794278522042
1420,0.735591714819454
1421,0.7485218169291742
1422,0.5924755902401293
1423,0.8921694106663113
1424,0.9904732394949333
1425,0.6155015583266019
1426,0.7986479007190236
1427,0.7324035398793557
1428,0.6934362679113755
1429,0.7871348564398553
1430,0.7922714755439119
1431,0.5258769141187555
1432,0.8050243334236269
1433,0.7469277031059047
1434,0.7926256628242617
1435,0.729923807265381
1436,0.7301009159645387
1437,0.9026196973376505
1438,0.7518871608043626
1439,0.8553275560306005
1440,0.7525956859548929
1441,0.7424995187984805
1442,0.7263813396320512
1443,0.6550003672178183
1444,0.8307073235310283
1445,0.8656008770631197
1446,0.7166394425803955
1447,0.8555047400246735
1448,0.6553545544981686
1449,0.993838621017579
1450,0.6916649851530159
1451,0.8714459460227916
1452,0.7525956407779439
1453,0.7189421116721613
1454,0.8477112419600266
1455,0.6392362247419094
1456,0.8648922841471663
1457,0.8845531116547206
1458,0.9072249150493178
1459,0.8158289353766717
1460,0.8457628655614922
1461,0.7534812294506831
1462,0.8273420624802463
1463,0.7432081418324
1464,0.6978643016289695
1465,0.8447002133665439
1466,0.6583656885045321
1467,0.7800499136437048
1468,0.5602389231981194
1469,0.7118571538170276
1470,0.7552525347975171
1471,0.7940426077124415
1472,0.83424985140029
1473,0.6748382356591074
1474,0.8289361386560584
1475,0.8834903239289253
1476,0.7770387796373408
1477,0.6406532599839868
1478,0.7311636735723683
1479,0.9474321662666578
1480,0.6673989700517601
1481,0.7554296434966752
1482,0.8076812801496407
1483,0.8043159663924181
1484,0.673598324175171
1485,0.6525205442499457
1486,0.7796956360094566
1487,0.6402989672907557
1488,0.9389301806989384
1489,0.7936884806680231
1490,0.6206382602550649
1491,0.930073977732903
1492,0.7456877840924768
1493,0.837438191989201
1494,0.8246851609311816
1495,0.8804792426290019
1496,0.7097316762488266
1497,0.8278733434007715
1498,0.9125387106179557
1499,0.6962701802762088
1500,0.8025447288110076
1501,0.8865013901698658
1502,0.7318721309574748
1503,0.8289360934791095
1504,0.8788850384518349
1505,0.8163603141805861
1506,0.8340726975241828
1507,0.8163603066510948
1508,0.8877413016538022
1509,0.8032531560781483
1510,0.817423019081975
1511,0.7926256929422278
1512,0.7690682029915019
1513,0.8337184198899346
1514,0.8128177938408161
1515,0.8094524725541021
1516,0.7423225305711865
1517,0.8772909773350056
1518,0.73754009874748
1519,0.6054056170549345
1520,0.6741297330970518
1521,0.9614248678648858
1522,0.8298217875647295
1523,0.7386027735309029
1524,0.6913107978726657
1525,0.6133761334648414
1526,0.7022924407594447
1527,0.7435623667602077
1528,0.8280504445704381
1529,0.8411577156152483
1530,0.6441957125583333
1531,0.7437394754593658
1532,0.6479153566562444
1533,0.6542917743018646
1534,0.8710916081526114
1535,0.8779994648380786
1536,0.7982936607322331
1537,0.7423224251583056
1538,0.676786581939676
1539,0.7871348865578214
1540,0.7481675694128921
1541,0.9265315251585564
1542,0.8298216972108314
1543,0.7998878046734683
1544,0.6472068540941887
1545,0.6973329228250551
1546,0.6787348679843128
1547,0.7623374775936678
1548,0.7090231661572792
1549,0.80165914766776
1550,0.8108694852077051
1551,0.7777472821993967
1552,0.8330098947394047
1553,0.7949283093275531
1554,0.7177022604241569
1555,0.8664864280884015
1556,0.8877413393012595
1557,0.685819886075378
1558,0.8062642072601058
1559,0.8386779378243246
1560,0.5946009774544323
1561,1.0618541968501833
1562,0.7982936456732499
1563,0.8261021735847844
1564,0.7818211512251153
1565,0.8668406003097688
1566,0.7724335619256735
1567,0.6748381678936842
1568,0.8190171780821934
1569,0.6828087595985056
1570,0.9670928808318401
1571,0.7107943886797068
1572,0.7892603791850052
1573,0.8491282847315956
1574,0.5703349774121593
1575,0.7327577648071633
1576,0.7224845868349823
1577,0.8179545108282622
1578,0.7038865395237314
1579,0.6998126930864872
1580,0.6916650228004733
1581,0.7639316290643947
1582,0.7657028515868219
1583,0.7853635962699702
1584,0.8579845328745801
1585,0.7782786835917855
1586,0.8473570772681509
1587,0.5108213570293088
1588,0.7288611098934833
1589,0.9477863535470081
1590,0.6971558291848798
1591,0.5593533194663973
1592,0.756315239698906
1593,0.8778223636684117
1594,0.8388550164055166
1595,0.7610976338751546
1596,0.8129950305413296
1597,0.818840061853544
1598,0.9412328648496868
1599,0.9183837494596614
1600,0.7681825239648647
1601,0.7873119801979963
1602,0.857807318762541
1603,0.7145140026596518
1604,0.8549734063977077
1605,0.8301759899040626
1606,0.678912149861775
1607,0.8085668914108544
1608,0.8898668018104776
1609,0.7371858211132318
1610,0.8427518068500433
1611,0.778810024748243
1612,0.8089210335142556
1613,0.8687890143557607
1614,0.7042408020989963
1615,0.6257749019475959
1616,0.7465734254716565
1617,0.707606191151134
1618,0.7880204149946286
1619,0.6479153491267529
1620,0.7421453541066048
1621,0.6792663296126336
1622,0.8611726852262043
1623,0.7726106781543229
1624,0.6679303488556745
1625,0.6130219235960167
1626,0.8432832308309067
1627,0.8624125967101403
1628,0.6411846237289184
1629,0.8257479110095195
1630,0.8840216500263999
1631,0.6661591639807045
1632,0.89766027728665
1633,0.6966244955579144
1634,0.6339225421156437
1635,0.6654506538891571
1636,0.6943217737597083
1637,0.6783807108219284
1638,0.8549734139271993
1639,0.8436374783471888
1640,0.8245080748204979
1641,0.8523164672011856
1642,0.7306323098274364
1643,0.7710165492720706
1644,0.723547321854337
1645,0.7692453342791346
1646,0.620815323777274
1647,0.6503950516227615
1648,0.7497616380592126
1649,0.8429288854312353
1650,0.7378943839112195
1651,0.6443728739639318
1652,0.8168917532204327
1653,0.8206112467285139
1654,0.6472068315057141
1655,0.9922445222532928
1656,0.755606797372782
1657,0.6650964289613495
1658,0.8381465590204098
1659,0.8271649161336307
1660,0.7949283243865359
1661,0.791917190380172
1662,0.676609367827637
1663,0.7012296831516156
1664,0.7432080740669765
1665,0.6162101286540812
1666,0.5961951213956679
1667,0.6464984042385734
1668,0.7017610243080726
1669,0.7208904353642551
1670,0.6312656782140367
1671,0.744447925314981
1672,0.693436200145952
1673,0.7857177986093034
1674,0.8344269450404649
1675,0.7708394255139296
1676,0.6829859586515618
1677,0.7525957085433674
1678,0.750647286967884
1679,0.8427517466141115
1680,0.8165374529977103
1681,0.8342498438707984
1682,0.8950033606786024
1683,0.817600188017065
1684,0.8946491658687605
1685,0.672889889378539
1686,0.7541898223666368
1687,0.8507224136138479
1688,0.732403502231898
1689,0.8464713605940564
1690,0.7440936627397161
1691,0.8229139534677372
1692,0.6746611119009662
1693,0.6006231777017368
1694,0.7363002625584588
1695,0.8524936436657672
1696,0.6976872004593029
1697,0.7573780274247013
1698,0.7068976509416208
1699,0.7835923737475426
1700,0.713274143882156
1701,0.7690681201670956
1702,0.7770387796373408
1703,0.8477112796074844
1704,0.7366545627811811
1705,0.6424244599179396
1706,0.7901459151513042
1707,0.8200799356900226
1708,0.5956638555341259
1709,0.6638564723004645
1710,0.6911336214080841
1711,0.8043158760385201
1712,0.8563903814038533
1713,0.6812146683637107
1714,0.7502930921580421
1715,0.7642858088152533
1716,0.6748381829526671
1717,0.7205362254954307
1718,0.8856158240856011
1719,0.9215720298126409
1720,0.7871348940873126
1721,0.862589667761841
1722,0.8482426584113988
1723,0.8145891443645991
1724,0.8117551190573933
1725,0.9070478214091429
1726,0.699458535924103
1727,0.8220282744410997
1728,0.8485969209866641
1729,0.9058079551021555
1730,0.5807853318489219
1731,0.8466486048240611
1732,0.6960930038116271
1733,0.6475610865514878
1734,0.8140576977952612
1735,0.673066937841765
1736,0.8408034153925257
1737,0.7573779822477523
1738,0.8570988990248919
1739,0.732403487172915
1740,0.6227637453527575
1741,0.8365525280215468
1742,0.7083146410067492
1743,0.7853636339174276
1744,0.8795936163088054
1745,0.7816439898195165
1746,0.7334663050166765
1747,0.8356669017013503
1748,0.7003441245968421
1749,0.7325806410490222
1750,0.82805050480637
1751,0.7463962941840242
1752,0.7203590038539001
1753,0.7086688433460824
1754,0.6601369486744172
1755,0.7343518936894157
1756,0.6480924427669278
1757,0.754366885888846
1758,0.7892603038900905
1759,0.8877412715358364
1760,0.7207133116061141
1761,0.7382486464864848
1762,0.6619081184904042
1763,0.7460420090202844
1764,0.6319741431286348
1765,0.7727877567355154
1766,0.7508244784914482
1767,0.7564923785160299
1768,0.8902210568562514
1769,0.6863512121728526
1770,0.9100589629449981
1771,0.8843759050721732
1772,0.9458380072664394
1773,0.7905002153740268
1774,0.6371107998801486
1775,0.7968766857260876
1776,0.8202570519186724
1777,0.6649192675557511
1778,0.6201068513331843
1779,0.7099087849479845
1780,0.6564172819880316
1781,0.7433851902956263
1782,0.7720792466439679
1783,0.964081792002425
1784,0.7228388569397389
1785,0.7095544621367876
1786,0.8698517041981667
1787,0.8618812329652087
1788,0.7814668585318842
1789,0.8326557451065117
1790,0.6426016288530296
1791,0.8840217102623317
1792,0.6968016343750383
1793,0.7520643071509782
1794,0.845054445823843
1795,0.8643609204022344
1796,0.7958139732952073
1797,0.798470769431391
1798,0.7214217840502037
1799,0.9309596567595401
1800,0.7212446828805372
1801,0.8285819513757082
1802,0.8854387078569513
1803,0.8735713708845523
1804,0.8243309284738823
1805,0.786957747740697
1806,0.749761630529721
1807,0.8112237628419533
1808,0.7958139055297839
1809,0.6757238318613381
1810,0.9182066332310119
1811,0.987107895619745
1812,0.6881224874017204
1813,0.7226616804751572
1814,0.8124636140899575
1815,0.7414368063676003
1816,0.6774951372081721
1817,0.742145323988639
1818,0.7641087227045696
1819,0.8323014900607384
1820,0.6043427916816817
1821,0.7511786507128155
1822,0.8367295689552814
1823,0.6840486861414252
1824,0.6482696267610006
1825,0.7881976291066677
1826,0.7270897819581752
1827,0.777393057271589
1828,0.6898937551010966
1829,0.8013047872091055
1830,0.7003440869493848
1831,0.7405511800474034
1832,0.7683597004294465
1833,0.8788850911582751
1834,0.8684347818984618
1835,0.7557838834834657
1836,0.9019112098345778
1837,0.6457898640290602
1838,0.984805316881877
1839,0.7910315791189584
1840,0.7051264133602103
1841,0.7720792391144766
1842,0.7504701029738107
1843,0.7580864848098081
1844,0.8076812500316746
1845,0.8115779651812864
1846,0.8657779707032947
1847,0.7308094185265946
1848,0.6906022501336608
1849,0.7800498985847216
1850,0.7051263757127526
1851,0.5187919336751476
1852,0.7786329235785764
1853,0.9093504377944678
1854,0.8475341332608688
1855,0.7554296811441326
1856,0.656063102237173
1857,0.7708394255139296
1858,0.8974831761169835
1859,0.6930820053361101
1860,0.8643609429907089
1861,0.7922714680144203
1862,0.9426498097378666
1863,0.8108694325012645
1864,0.6921963187799813
1865,0.7331119972644622
1866,0.7848322325250388
1867,0.8211426707093776
1868,0.7906773316026763
1869,0.8298217273287976
1870,0.7965223779738736
1871,0.7641087754110102
1872,0.651634932988732
1873,0.8535563485671558
1874,0.9045681565605916
1875,0.6893623838266736
1876,0.7522414158501363
1877,0.6518120115699241
1878,0.833364240139076
1879,0.7798727898855637
1880,0.5928297775204795
1881,0.72283881176279
1882,0.8553275936780579
1883,0.7217760918024181
1884,0.9012028202148945
1885,0.6408303235061956
1886,0.7665884402595614
1887,0.7885518314460007
1888,0.7981165445035833
1889,0.7501158931049863
1890,0.8815420454137805
1891,0.8423975819222357
1892,0.7416139376552326
1893,0.7779243532510971
1894,0.821319847173959
1895,0.6061140593810583
1896,0.8374380489288628
1897,0.7217760315664858
1898,0.8484197144041163
1899,0.8181315894094543
1900,0.7290381734156924
1901,0.8004191533594169
1902,0.8983687120832824
1903,0.7208904805412041
1904,0.8052015098882086
1905,0.7685368091286047
1906,0.7205361351415328
1907,0.712919851188925
1908,0.8237995421404763
1909,0.8992543911099194
1910,0.8195485493566166
1911,0.816006066664304
1912,0.7524184869018368
1913,0.8183086604611547
1914,0.791917190380172
1915,0.7770388097553069
1916,0.6836943783892109
1917,0.707429022216044
1918,0.6098336583020204
1919,0.8089210937501874
1920,0.8021903834113362
1921,0.7366544874862664
1922,0.713274068587241
1923,0.5455376738608866
1924,0.6394133485000505
1925,0.773673458350627
1926,0.8160061193707445
1927,0.6004460765320703
1928,0.6743068568551929
1929,0.947786323429042
1930,0.8011277010984218
1931,0.6794434533707747
1932,0.7338205224149925
1933,0.6769636605208681
1934,0.6891852675980241
1935,0.9577053668273133
1936,0.6505722130283602
1937,0.7848322249955471
1938,0.7456878367989174
1939,0.8654236253036234
1940,0.7426767027925534
1941,0.8935863329660166
1942,0.8184857691603129
1943,0.7781015297156788
1944,0.7226616729456656
1945,0.6838715397948096
1946,0.9171439208001317
1947,0.8847301450589641
1948,0.7409054802701261
1949,0.6964473492112988
1950,0.8053785884694007
1951,0.8096296640776667
1952,0.7279754308668461
1953,0.7835924189244916
1954,0.8939406106002644
1955,0.8188400467945608
1956,0.8114008640116198
1957,0.8108695002666879
1958,0.728861027069077
1959,0.6964473341523156
1960,0.8808334750863012
1961,0.838855144406872
1962,0.6808605036718353
1963,0.7276212285275131
1964,0.7926256854127363
1965,0.772079276761934
1966,0.803784534882063
1967,0.8285818836102847
1968,0.6617310173207377
1969,0.8668406680751923
1970,0.7274439692385251
1971,0.7928028844657924
1972,0.8030759796135669
1973,0.8030760398494988
1974,0.7543668783593545
1975,0.7164623414107288
1976,0.7506472493204263
1977,0.8370839068254615
1978,0.6833401534614033
1979,0.6610224469932587
1980,0.7462191930143577
1981,0.8402720290591196
1982,0.7033551607198165
1983,0.6098336507725288
1984,0.5605931857733847
1985,0.7401969927670532
1986,0.8046700859073448
1987,0.755606797372782
1988,0.6376421862135547
1989,0.9074020388074588
1990,0.7192963290704772
1991,0.9693955499236055
1992,0.92918832129474
1993,0.7132741062346987
1994,0.864715145330042
1995,0.6222323439603685
1996,0.9568196953301675
1997,0.8335413714267086
1998,0.8466485295291464
1999,0.6629709363341656
2000,0.8025446761045673
2001,0.6420702274606407
2002,0.7217760692139437
2003,0.5919441512002827
2004,0.8255707947808697
2005,0.8811877226025833
2006,0.7068976509416208
2007,0.7389570963421
2008,0.6796205244224754
2009,0.8544419748873526
2010,0.7587949949013552
2011,0.8563903362269042
2012,0.6472068315057141
2013,0.6619081260198958
2014,0.7384256723612364
2015,0.7467505868772553
2016,0.7444479554329472
2017,0.7086688809935398
2018,0.7368315961854243
2019,0.7733191430689214
2020,0.7407283791004595
2021,0.7021153094718124
2022,0.772787801912464
2023,0.6914878839833494
2024,0.6840486786119336
2025,0.8494824644824542
2026,0.6909565503563836
2027,0.7207133341945886
2028,0.7890832704858474
2029,0.6840486183760017
2030,0.794574016634322
2031,0.7816439822900253
2032,0.4622893192973054
2033,0.8199027818139158
2034,0.7674741192861986
2035,0.6181584674051582
2036,0.741082634146233
2037,0.7017610243080726
2038,0.6062912132571652
2039,0.7828838711854871
2040,0.8066184924238453
2041,0.7949282189736552
2042,0.6898937400421138
2043,0.673775447933312
2044,0.7315178382642438
2045,0.7734962668270624
2046,0.7664113315604033
2047,0.9309595136992015
2048,0.6252434629077492
2049,0.8250394310359381
2050,0.5814938344109778
2051,0.8447001456011204
2052,0.6243578667055185
2053,0.7713707967883527
2054,0.7359459999831934
2055,0.6953846443099099
2056,0.7200048617504988
2057,0.8539105734949635
2058,0.7734962668270624
2059,0.6872368686110152
2060,0.5634271056677097
2061,0.8351354701909952
2062,0.7839466287933163
2063,0.7545439719995294
2064,0.8177772891867316
2065,0.7897916676350221
2066,0.75472119364106
2067,0.8356668339359268
2068,0.678380673174471
2069,0.8276961669361899
2070,0.722130324259717
2071,0.7711936579712287
2072,0.775798920859845
2073,0.6008003165188607
2074,0.8691432995195002
2075,0.7818210985186748
2076,0.7743819157357335
2077,0.797939413215951
2078,0.8748112447210309
2079,0.6797976933575655
2080,0.7393113589173651
2081,1.0239497653144387
2082,0.9233432523350685
2083,0.7727877642650066
2084,0.6275460792930745
2085,0.8172459480302745
2086,0.8514308709989548
2087,0.5760029301431817
2088,0.8834903163994341
2089,0.8438144816334661
2090,0.7522414384386108
2091,0.8872099604973451
2092,0.6376421560955889
2093,0.7982937360271478
2094,0.7687140081816604
2095,0.7513558271773968
2096,0.6665133889085122
2097,0.7155767602674813
2098,0.753481334863564
2099,0.8813648011837754
2100,0.713451237522331
2101,0.7874890738381712
2102,0.7881975989887016
2103,0.6698787026657348
2104,0.9148413345327726
2105,0.7331120424414111
2106,0.7681825164353735
2107,0.7940426980663391
2108,0.8230910471079121
2109,0.6555316782563096
2110,0.7858950127213424
2111,0.7102630174052836
2112,0.6978643769238846
2113,0.6844029185987242
2114,0.7862492451786416
2115,0.74781332189661
2116,0.8193714331279671
2117,0.9029739825013899
2118,0.8145890615401927
2119,0.7990021858827631
2120,0.7247871731023415
2121,0.5650213023153855
2122,0.7100858258817191
2123,0.773142026840272
2124,0.9160811406038277
2125,0.8399177438953801
2126,0.5876931057099823
2127,0.7609204799990478
2128,0.6789120444488941
2129,0.7621603764240009
2130,0.6427787526111707
2131,0.8312388002183323
2132,0.7302780096047141
2133,0.7485218621061231
2134,0.8388550766414485
2135,0.6934361850869687
2136,0.7557838834834657
2137,0.5650212194909792
2138,0.8795935711318564
2139,0.7453335591646691
2140,0.8962432571035555
2141,0.8131720865340472
2142,0.808921146456628
2143,0.8066184924238453
2144,0.8457628806204751
2145,0.6668676138363198
2146,0.7835924339834748
2147,0.9159040695521272
2148,0.782352499911064
2149,0.6877682775328957
2150,0.7481675543539092
2151,0.7054806608764924
2152,0.7825296537871708
2153,0.6434872702322094
2154,0.8276962121131388
2155,0.9311366901637832
2156,0.7991792719934467
2157,0.7600348762673255
2158,0.8129949778348893
2159,0.8555047099067074
2160,0.7008753979878761
2161,0.6902479875583959
2162,0.7563152246399231
2163,0.7313407747420348
2164,0.720004846691516
2165,0.7954597257789252
2166,0.8767595157066845
2167,0.684048625905493
2168,0.8404491678762436
2169,0.6025715691592541
2170,0.9173210294992896
2171,0.6645649974509945
2172,0.834781237733696
2173,0.8183087357560699
2174,0.6140846887333375
2175,0.6920192627872638
2176,0.7456877840924768
2177,0.8689661456433934
2178,0.9148412592378575
2179,0.7979394809813745
2180,0.732049284833582
2181,0.811932190109094
2182,0.7212446979395205
2183,0.714514017718635
2184,0.7899687838636718
2185,0.5864533222274017
2186,0.9042138488083773
2187,0.8252164794991641
2188,0.7683596703114803
2189,0.7995335948046439
2190,0.7757989058008619
2191,0.7959910368174162
2192,0.723547231500439
2193,0.8280505123358616
2194,0.8434602717646413
2195,0.9058079551021555
2196,0.8027217396267762
2197,0.7107943435027578
2198,0.7515328756406231
2199,0.736831588655933
2200,0.6617309872027719
2201,0.7515329434060466
2202,0.8305301997728873
2203,0.6962701953351916
2204,0.9608935267084288
2205,0.8346041064460633
2206,0.814234836612385
2207,0.8861472254779901
2208,0.8014818507313143
2209,0.7146910812408438
2210,0.6236494017909204
2211,0.6881225024607033
2212,0.7750904710042299
2213,0.5600618370874361
2214,0.8431060242483592
2215,0.7726107233312719
2216,0.6192212099540045
2217,0.7883747453353172
2218,0.7483446479940842
2219,0.8188400769125269
2220,0.8034302346593404
2221,0.7529499184121922
2222,0.8335413262497596
2223,0.883136053824169
2224,0.9598308443955144
2225,0.7782786835917855
2226,0.7472819280337124
2227,0.7371859265261127
2228,0.8533791871615574
2229,0.8406263292818423
2230,0.741082679323182
2231,0.8602870965534647
2232,0.707783314909275
2233,0.7802269545774395
2234,0.6688159299989224
2235,0.9008484823447145
2236,0.8836674627460496
2237,0.8018361660130199
2238,0.7471048343935374
2239,0.6920192100808236
2240,0.8234452419177536
2241,0.7506472944973752
2242,0.6778492717820821
2243,0.7726107383902552
2244,0.7260270619978033
2245,0.6739525566324702
2246,0.7593264414706931
2247,0.7687139178277624
2248,0.7970538170137202
2249,0.6792662317292444
2250,0.7056577469871758
2251,0.7223074254293835
2252,0.8037845951179949
2253,0.8021904361177765
2254,0.8374381242237778
2255,0.826456353335643
2256,0.7580864923392994
2257,0.7175250689005923
2258,0.7426767178515367
2259,0.8390321627521322
2260,0.7915629654523644
2261,0.6728898366720983
2262,0.676078011612197
2263,1.00499744036894
2264,0.7626917251099499
2265,0.7338206052393988
2266,0.6456127101529531
2267,0.7292152896443422
2268,0.7051263531242781
2269,0.8149433542334238
2270,0.7400199066563695
2271,0.6845800272978823
2272,0.5630729560348168
2273,0.6495095231859541
2274,0.6886539038530926
2275,0.6735982413507646
2276,0.8625896752913327
2277,0.6847570757611086
2278,0.9548713415201076
2279,0.7095544621367876
2280,0.8494825096594032
2281,0.7885517862690518
2282,0.7511786582423071
2283,0.7486988879808747
2284,0.8707373756953123
2285,0.7699538519001733
2286,0.6523434280212962
2287,0.7150453965225494
2288,0.6966244428514737
2289,0.6778493169590307
2290,0.8103381214627735
2291,0.6684617427185722
2292,0.8112237251944956
2293,0.7481675769423837
2294,0.6503950215047957
2295,0.6851113985723054
2296,0.8592243540046184
2297,0.8381466041973589
2298,0.9571739127284838
2299,0.5380985061369286
2300,0.7502930545105847
2301,0.6603140423145921
2302,0.7945740316933049
2303,0.8177772590687655
2304,0.7683596853704635
2305,0.876405366073792
2306,0.8604641901936401
2307,0.718056447704507
2308,0.7977622894578099
2309,0.7982936080257925
2310,0.8075040434491272
2311,0.8075040735670933
2312,0.7531270271113499
2313,0.5977892427484289
2314,0.6340996959917509
2315,0.5195003458833055
2316,0.7370087801794976
2317,0.7954596806019762
2318,0.6500409095193602
2319,0.7726106856838145
2320,0.8737485021721846
2321,0.8617040866185931
2322,0.765171495371382
2323,0.6838715548537926
2324,0.8370838917664787
2325,0.8880955491700843
2326,0.7646401316264502
2327,0.7687139027687796
2328,0.7067205723604287
2329,0.6790891757365268
2330,0.742499586563904
2331,0.673952549102979
2332,0.6599598023278017
2333,0.7343519840433136
2334,0.6286088143124292
2335,0.7536584134447564
2336,0.8115780178877267
2337,0.869674633146466
2338,0.7499388371122684
2339,0.8455857418033511
2340,0.8512537397113221
2341,0.7910315565304838
2342,0.7439165992175069
2343,0.845231584640967
2344,0.7975851732291601
2345,0.7398427452507711
2346,0.7579093986991244
2347,0.805378671293807
2348,0.7943969004056722
2349,0.8680805569706539
2350,0.8264564060420837
2351,0.7416139903616732
2352,0.8117551115279019
2353,0.8165374680566932
2354,0.837792326563111
2355,0.7504701330917768
2356,0.7214217840502037
2357,0.7100858334112108
2358,0.8741026969820265
2359,0.7995335420982033
2360,0.7951054255562026
2361,0.8507224211433396
2362,0.8799478487661043
2363,0.8261021434668183
2364,0.7148682652349171
2365,0.7919172506161042
2366,0.6872368686110152
2367,0.8294675099304816
2368,0.8105152226324401
2369,0.7997107035038018
2370,0.7564924236929789
2371,0.9199779762253033
2372,0.6771408746329071
2373,0.7504701255622852
2374,0.7919171452032234
2375,0.8942948807050211
2376,0.8152975866907229
2377,0.9196236232961403
2378,0.7485217868112081
2379,0.6934362076754432
2380,0.7979394056864594
2381,0.8744569896752575
2382,0.7974080419415278
2383,0.5322533468233591
2384,0.7458649680865501
2385,0.7738504842253784
2386,0.7386028714142925
2387,0.6484467505191417
2388,0.6275460943520574
2389,0.5228657499944257
2390,0.8347812151452215
2391,0.6325055445210239
2392,0.7602119096715685
2393,0.8023675071694772
2394,0.9334393818440232
2395,0.6697016014960678
2396,0.8664864431473844
2397,0.8652465542519229
2398,0.6865283585194677
2399,0.6466754752902738
2400,0.7683597305474122
2401,0.6507493593749754
2402,0.8411576930267738
2403,0.7871348940873126
2404,0.6916650378594562
2405,0.7483446555235758
2406,0.5862761834102774
2407,0.7683596778409719
2408,0.6507492840800606
2409,0.8204341907357964
2410,0.6844028884807584
2411,0.7704851478796817
2412,0.6939676090678325
2413,0.9260001764726078
2414,0.8558589724819727
2415,0.7435623140537674
2416,0.7474591346162598
2417,0.8117550889394275
2418,0.7784557621729776
2419,0.7623375303001081
2420,0.893763539548564
2421,0.7336434588927833
2422,0.8082126062471149
2423,0.7189420137887716
2424,0.6310885393969123
2425,0.7031780670796416
2426,0.7610976037571888
2427,0.8301759597860968
2428,0.8650694229642902
2429,0.9554026977355478
2430,0.6743068342667184
2431,0.7952825794323097
2432,0.8183086905791208
2433,0.9575281527152744
2434,0.7152224826332331
2435,0.7437394528708914
2436,0.6502179655120781
2437,0.7623374625346846
2438,0.6480924427669278
2439,0.7515329283470638
2440,0.7579094137581073
2441,0.6980414630345683
2442,0.9268856973799234
2443,0.7747361707815071
2444,0.6810375596645528
2445,0.7347061110877317
2446,0.8519622046259205
2447,0.695384584073978
2448,0.622409460189018
2449,0.7391342878656643
2450,0.9376902918034766
2451,0.7474590743803279
2452,0.8314158637405415
2453,0.8631210766837215
2454,0.7575551737713169
2455,0.637110792350657
2456,0.7867806164530647
2457,0.660845406059524
2458,0.8089210636322217
2459,0.6165643987588377
2460,0.7612747877512618
2461,0.8918151480910463
2462,0.8018361208360709
2463,0.6496865641196888
2464,0.7192963591884434
2465,0.6410074698528112
2466,0.8126406851416582
2467,0.9012028126854029
2468,0.7214218518156272
2469,0.983742499038116
2470,0.7492302667847894
2471,0.9660301759304512
2472,0.856036103769605
2473,0.7595035125223939
2474,0.8199027968728987
2475,0.7919171075557656
2476,0.7545440472944445
2477,0.8400949354189446
2478,0.7440936702692074
2479,0.8919922567902046
2480,0.68156890082101
2481,0.7586178033777906
2482,0.8519622573323609
2483,0.7563152773463634
2484,0.8360211416881407
2485,0.9185608732178024
2486,0.5538624980230077
2487,0.5423494085668903
2488,0.7727878169714473
2489,0.8067956011230035
2490,0.7281525772134617
2491,0.7943969455826212
2492,0.7024694967521623
2493,0.768891109351327
2494,0.8266334770937842
2495,0.6424244900359057
2496,0.7242557717099523
2497,0.8741027270999923
2498,0.7703080843574726
2499,0.8168916854550092
2500,0.8284047372636691
2501,0.6969787882511455
2502,0.6983957256098332
2503,0.5910584571146623
2504,0.805555764933982
2505,0.9061622327364034
2506,0.8680805343821797
2507,0.7260270770567863
2508,0.8094525629080002
2509,0.6895395075848145
2510,0.5628958247471841
2511,0.7332891737290438
2512,0.8096296490186838
2513,0.6367565749523411
2514,0.7092003125038947
2515,0.819017185611685
2516,0.7593264188822186
2517,0.7531270346408415
2518,0.6344539209195584
2519,0.6973329830609869
2520,0.7681825465533393
2521,0.8470027845749202
2522,0.9100589629449981
2523,0.8301760275515203
2524,0.6581885270989338
2525,0.7816440274669743
2526,0.846471413300497
2527,0.7230160108158458
2528,0.7715478828990364
2529,0.8585158740310371
2530,0.5310134729868802
2531,1.001277841447978
2532,0.7657028892342796
2533,0.593538280082535
2534,0.8055558025814397
2535,0.85444201253481
2536,0.6982185717337261
2537,0.8636524705466192
2538,0.7929799856354589
2539,0.6744839956723169
2540,0.8671949155914744
2541,0.6482696267610006
2542,0.7455106829228102
2543,0.7681825842007967
2544,0.8310615861062933
2545,0.748698970805281
2546,0.7260270770567863
2547,0.7818211135776576
2548,0.7765074309513922
2549,0.7564923483980641
2550,0.6142617371965635
2551,0.824685198578639
2552,0.662085249778037
2553,0.6778493696654713
2554,0.8631211369196534
2555,0.7097316762488266
2556,0.8308844698776439
2557,0.8296446412181139
2558,0.7240786855992686
2559,0.735237497421138
2560,0.7068976735300954
2561,0.8287589847799512
2562,0.6686388438882387
2563,0.7267355344418931
2564,0.741436836485566
2565,0.7012296756221239
2566,0.8140577505017014
2567,0.8145891142466333
2568,0.8606413214812724
2569,0.8723315121070562
2570,0.6147930934120037
2571,0.86382954159832
2572,0.9125387106179557
2573,0.7472819506221868
2574,0.7749132945396482
2575,0.6918421089111569
2576,0.9515059976449192
2577,0.6588970070725151
2578,0.7915630106293134
2579,0.8989001661821119
2580,0.6882996036303699
2581,0.7811126034861106
2582,0.8921693880778369
2583,0.8041387899278367
2584,0.6633251838504477
2585,0.8671949231209657
2586,0.7502930093336357
2587,0.7492302441963149
2588,0.9449523658872596
2589,0.6828088198344379
2590,0.6666904599602126
2591,0.867903463330479
2592,0.8381465590204098
2593,0.6163872448827306
2594,0.8408034304515088
2595,0.7766845245915671
2596,0.9327308491640016
2597,0.7060120170919324
2598,0.770130922951874
2599,0.9153726832187212
2600,0.8004191910068746
2601,0.8193714406574584
2602,0.7885517787395602
2603,0.7081374946601336
2604,0.7515329283470638
2605,0.692019232669298
2606,0.8154746502129319
2607,0.7283296633241454
2608,0.5542167229508153
2609,0.7012296906811072
2610,0.757909421287599
2611,0.9031511213185142
2612,0.9311366751048002
2613,0.8367295915437559
2614,0.7873119952569791
2615,0.8592243088276694
2616,0.8176001654285905
2617,0.8110465863773717
2618,0.6541146580732151
2619,0.9258229924785345
2620,0.7095545073137366
2621,0.7540126459020552
2622,0.7703079864740829
2623,0.7191192730777597
2624,0.6978643392764272
2625,0.7881975839297186
2626,0.9015569849067703
2627,0.6537604331454074
2628,0.7671198567109336
2629,0.8075040509786188
2630,0.6179813662354917
2631,0.7694224730962586
2632,0.7123885025029763
2633,0.7768616332907253
2634,0.7168166416334516
2635,0.7729648729641648
2636,0.9477863761354826
2637,0.6434872024667859
2638,0.6929048589894946
2639,0.8177772590687655
2640,0.9036824549454796
2641,0.758972148777462
2642,0.7042408322169624
2643,0.8308845301135758
2644,0.7198276928154088
2645,0.8168916929845008
2646,0.8337185253028158
2647,0.6116049034129222
2648,0.7198277379923578
2649,0.843814541869398
2650,0.6381734821930631
2651,0.878530888818942
2652,0.6884767499769854
2653,0.7871348865578214
2654,0.8640066578269694
2655,1.0096026656100987
2656,0.8429289531966588
2657,0.813526371697787
2658,0.8363752837915419
2659,0.7968766631376131
2660,0.7952825568438352
2661,0.721421799109187
2662,0.5239285151317465
2663,0.839917849308261
2664,0.8663093118597521
2665,0.8214968354012531
2666,0.7653485363051167
2667,0.7463963845379219
2668,0.7465733878241991
2669,0.8344269600994478
2670,0.8013047796796138
2671,0.7115028761827794
2672,0.7913858492237149
2673,0.8930551273404062
2674,0.7672969578806002
2675,0.9134242992906951
2676,0.784477977479265
2677,0.7966995243204891
2678,0.7568466561502781
2679,0.7215988400429217
2680,0.7993564333990452
2681,0.7938655893671813
2682,0.8443459507912788
2683,0.6427787450816794
2684,0.7384257401266598
2685,0.7444480457868448
2686,0.883136068883152
2687,0.7499387467583708
2688,0.789614573994847
2689,0.8165374831156761
2690,0.5147180044134971
2691,0.8803020360464545
2692,0.7844779473612993
2693,0.6744839429658762
2694,0.920155017159038
2695,0.8622354202455589
2696,0.7857178663747268
2697,0.9472549521546189
2698,0.8016591100203023
2699,0.8962433173394877
2700,0.8641838117030766
2701,0.7628688714565651
2702,0.8009505773402807
2703,0.7148682501759339
2704,0.7068976961185698
2705,0.7819982222768158
2706,0.8386779905307652
2707,0.8498367722346682
2708,0.9261772023473592
2709,0.7827067549568374
2710,0.9589451879573517
2711,0.8482427261768223
2712,0.6523434882572281
2713,0.8696747084413811
2714,0.815120508109531
2715,0.899254323344496
2716,0.9649673656161813
2717,0.6089480696292809
2718,0.6631480224448489
2719,0.7527727871245594
2720,0.9306053339483429
2721,0.6854656460885875
2722,0.7584407172671069
2723,0.7880204601715777
2724,0.6193982885351966
2725,0.732403502231898
2726,0.6629709589226401
2727,0.7610976188161718
2728,0.7556068576087143
2729,0.6282545216191981
2730,0.7428538717276435
2731,0.7952825267258691
2732,0.8034302647773064
2733,0.5327846804503246
2734,0.6199297200455516
2735,0.6879454163500196
2736,0.7975851280522112
2737,0.6434872401142436
2738,0.5850362945148155
2739,0.793688405373108
2740,0.6656277023523834
2741,0.7688910792333609
2742,0.6410075075002689
2743,0.8393864253273973
2744,0.8301759597860968
2745,0.5740546215100704
2746,0.8473570396206935
2747,0.8957119008881156
2748,0.7460420993741824
2749,0.874988413656121
2750,0.749407413131405
2751,0.6744839203774021
2752,0.8275191636499128
2753,0.8818961649287073
2754,0.7426767404400112
2755,0.7692453643971007
2756,0.836552452726632
2757,0.696093109224508
2758,0.732226333296808
2759,0.9040366572848131
2760,0.7313407973305094
2761,0.6348081759653321
2762,0.7386028638848009
2763,0.6351624385405972
2764,0.7511786356538326
2765,0.7853636263879363
2766,0.8160060967822701
2767,0.7543669837722353
2768,0.9150184131139647
2769,0.757377944600295
2770,0.8287590600748663
2771,0.7672970105870404
2772,0.7231930517495804
2773,0.6585427896741988
2774,0.8602871116124476
2775,0.8349583690213287
2776,0.7596806212215521
2777,0.7343519162778901
2778,0.7001669330732776
2779,0.803253148548657
2780,0.6399447423629481
2781,0.6659819950456145
2782,0.8990772748812701
2783,0.7642858916396597
2784,0.7648172026781509
2785,0.5850362945148155
2786,0.7688910415859035
2787,0.8110465637888972
2788,0.718765018031986
2789,0.6693473539797857
2790,0.7389570586946423
2791,0.7079603483135182
2792,0.7717250819520922
2793,0.7324034570549489
2794,0.9451295272928582
2795,0.7726106254478827
2796,0.8344269525699565
2797,0.6982185792632177
2798,0.9337935314769161
2799,0.7623374550051933
2800,0.7035322920074493
2801,0.8117551341163765
2802,0.9865765394043047
2803,0.6925505587667722
2804,0.7711937106776691
2805,0.8298217047403231
2806,0.878353765060801
2807,0.8657779029378716
2808,0.9210406359497433
2809,0.6868826512126989
2810,0.7816440048784998
2811,0.7279753480424398
2812,0.7510015947200979
2813,0.664033573470131
2814,0.7389570135176934
2815,0.8457628956794583
2816,0.78323822411465
2817,0.7699538368411905
2818,0.6555316933152925
2819,0.7067206100078861
2820,0.7253186196716794
2821,0.7580864697508248
2822,0.814234851671368
2823,0.8269877547280323
2824,0.9065164802526855
2825,0.8965975121493293
2826,0.7143368186655789
2827,0.8275191109434723
2828,0.8585158288540885
2829,0.8652465617814141
2830,0.6588970146020063
2831,0.768536756422164
2832,0.9236975450282996
2833,0.7474590517918535
2834,0.6714728164890043
2835,0.6516349555772065
2836,0.7959910594058907
2837,0.728683963546868
2838,0.703886501876274
2839,0.7208904278347639
2840,0.8898668243989521
2841,0.8535563786851219
2842,0.6509264605446423
2843,0.9155497994473707
2844,0.8661320676297466
2845,0.6321512744162674
2846,0.7208904504232384
2847,0.7974080645300023
2848,0.8719772871792486
2849,0.7894374276482315
2850,0.8103381064037903
2851,0.5696265275565441
2852,0.795105418026711
2853,0.6780264181286972
2854,0.8152975189252996
2855,0.8578073262920326
2856,0.6960931468719657
2857,0.7118571387580448
2858,0.9318451701373645
2859,0.7054806533470008
2860,0.786603455047466
2861,0.9410556356786649
2862,0.6748381904821583
2863,0.9945471235796348
2864,0.8282276135055281
2865,0.6959159779368757
2866,0.8794165076096473
2867,0.7579094137581073
2868,0.9139556705651184
2869,0.8324785159354898
2870,0.8470027770454285
2871,0.8285818836102847
2872,0.7740276757489429
2873,0.8615268875655373
2874,0.7286839108404275
2875,0.8009505396928234
2876,0.760566270130223
2877,0.6116049184719055
2878,0.7111485834895483
2879,0.8007734761706141
2880,0.7966995920859126
2881,0.8331871088514436
2882,0.7598577299207099
2883,0.9941928760633527
2884,0.7481675317654347
2885,0.7587949949013552
2886,0.6737754178153463
2887,0.7874890587791884
2888,0.6493324069573047
2889,0.5109984581989753
2890,0.5802539304565326
2891,0.6760780492596544
2892,0.8756968861002107
2893,0.7811125884271276
2894,0.9842739606664369
2895,0.8427518068500433
2896,0.7862492527081328
2897,0.8188400392650695
2898,0.773142026840272
2899,0.8542649113651435
2900,0.7821753460349569
2901,0.8521393509725361
2902,0.6895395602912552
2903,0.9118301402904767
2904,0.7805812999771109
2905,0.9198008524671623
2906,0.7945740843997455
2907,0.6080624056616267
2908,0.7432081267734172
2909,0.9465464646515462
2910,0.720713356783063
2911,0.49983955602320823
2912,1.0039346677021277
2913,0.7015839457268805
2914,0.7210675741813795
2915,0.7602119473190262
2916,0.8648922464997086
2917,0.7564923785160299
2918,0.6422473361597986
2919,0.8792393687925233
2920,0.73948845255754
2921,0.8510766536006388
2922,0.7883747227468426
2923,0.647383970322838
2924,0.8723315572840052
2925,0.8342498288118154
2926,0.8193714105394927
2927,0.7655257052402067
2928,0.8338955812955333
2929,0.83159302514614
2930,0.7727878696778875
2931,0.7293923757550256
2932,0.7442708241453145
2933,0.8353125563016786
2934,0.7205361502005156
2935,0.7899688516290949
2936,0.7247870902779348
2937,0.5926526989392875
2938,0.7876662578322445
2939,0.6994583627457986
2940,0.8089211163386619
2941,0.6080624357795928
2942,0.7403740487597708
2943,0.8937635696665298
2944,0.7775701132643066
2945,0.686882590976767
2946,0.871268754499227
2947,0.926354333634992
2948,0.8377923642105684
2949,0.6650963687254177
2950,0.8402720516475941
2951,0.707429022216044
2952,0.7710165718605451
2953,0.5784826627571564
2954,0.6959159553484011
2955,0.7947511705104289
2956,0.6665133587905461
2957,0.764994326436292
2958,0.7495845971254779
2959,0.6094794107857383
2960,0.6744839580248595
2961,0.8903982107323585
2962,0.650749321727518
2963,0.8202570142712147
2964,0.7522413857321701
2965,0.5476630987226474
2966,0.6735983467636455
2967,0.7008753979878761
2968,0.8326556924000715
2969,0.7625145862928256
2970,0.9437124920507807
2971,0.6624395123533019
2972,0.6872368309635578
2973,0.6914878463358917
2974,0.6418931037024997
2975,0.7125656036726429
2976,0.8292903711133572
2977,0.7215989981622428
2978,0.7352374145967313
2979,0.6821003549198394
2980,0.7162852703590284
2981,0.530127809019226
2982,0.7253185669652391
2983,0.7704852532925626
2984,0.7566694796856964
2985,0.8604641901936401
2986,0.8560361338875712
2987,0.9102361092916136
2988,0.8262793199314
2989,0.8889812281967214
2990,0.858870098958845
2991,0.7122113787448352
2992,0.7109714823198818
2993,0.7341747322838172
2994,0.6691702377511364
2995,0.8778223034324798
2996,0.7575550457699615
2997,0.8420433569944281
2998,0.828404707145703
2999,0.8896896780523366
3000,0.8351354476025207
3001,0.9201549870410719
3002,0.7887290154400737
3003,0.9210406208907604
3004,0.8346041064460633
3005,0.8462942820128643
3006,0.7892603189490733
3007,0.6865283660489594
3008,0.6757238393908297
3009,0.7819982674537648
3010,0.9027968512137576
3011,0.7022924257004619
3012,0.8779995476624849
3013,0.7483446931710331
3014,0.7587949497244062
3015,0.7237243853765462
3016,0.9050995504234892
3017,0.6255976426586078
3018,0.7630460554506384
3019,0.7233702056256875
3020,0.772256415579058
3021,0.8647151603890253
3022,0.5310134654573886
3023,0.8967746133189958
3024,0.7134511998748736
3025,0.7428538340801861
3026,0.7139826238557374
3027,0.929365535406779
3028,0.7603891764900481
3029,0.7267355645598588
3030,0.8106923388610896
3031,0.6716499703651111
3032,0.6638565174774131
3033,0.7575551436533507
3034,0.9802000615227523
3035,0.87481128989798
3036,0.8606413139517811
3037,0.6852885072714636
3038,0.7458649982045158
3039,0.7070747671702703
3040,0.6649191922608364
3041,0.6608453608825751
3042,0.758263623626932
3043,0.7649943565542577
3044,0.6071767642824469
3045,0.5738774826929465
3046,0.7844779699497734
3047,0.6700558264238758
3048,0.7115028310058304
3049,0.7221303092007341
3050,0.7722564231085496
3051,0.9169667819830075
3052,0.7136283386919975
3053,0.819371418068984
3054,0.7524185546672603
3055,0.6723584578681836
3056,0.8687890369442351
3057,0.8918151782090125
3058,0.7253185067293069
3059,0.7242558620638502
3060,0.7097316386013689
3061,0.6247120916333261
3062,0.7975851205227199
3063,0.6045199756757547
3064,0.8092753563254528
3065,0.6920192401987892
3066,0.7754446733435629
3067,0.6443728664344401
3068,0.8216740495132921
3069,0.8595785714029348
3070,0.8119321524616363
3071,0.8066185074828283
3072,0.8480655723007151
3073,0.7432080740669765
3074,0.7763302620163022
3075,0.9047452953777155
3076,0.7038865244647484
3077,0.7835923059821195
3078,0.8671949155914744
3079,0.8243308757674421
3080,0.7444480231983703
3081,0.6215238413983127
3082,0.8553275710895835
3083,0.6142617296670723
3084,0.8147661401213847
3085,0.7864263764662739
3086,0.742676680204079
3087,0.7077832622028345
3088,0.7653486116000314
3089,0.7412597428453911
3090,0.8528478535345916
3091,0.867726279336406
3092,0.7161081315419044
3093,0.6884767876244428
3094,0.7634002577899714
3095,0.753481319804581
3096,0.8510766084236898
3097,0.7531270421703331
3098,0.5698036437851939
3099,0.6557087944849591
3100,0.843991665627539
3101,0.7364773336101592
3102,0.8957119159470984
3103,0.7561381385292394
3104,0.7575550758879273
3105,0.5869846709133504
3106,0.921394800641619
3107,0.6078853496689092
3108,0.8505452823262156
3109,0.6882995735124041
3110,0.905099445010608
3111,0.7173479752604174
3112,0.7465734857075884
3113,0.8656008168271879
3114,0.9043909048010952
3115,0.9263542733990597
3116,0.8133492102921882
3117,0.7795184896628411
3118,0.7237244305534952
3119,0.7116800375883782
3120,0.6952074452568537
3121,0.8882727331641572
3122,0.8544420501822674
3123,0.7366545251337238
3124,0.8257478055966383
3125,1.0062372614989785
3126,0.7749133171281227
3127,0.8771138083999156
3128,0.7329348810358127
3129,0.7458649982045158
3130,0.798470769431391
3131,0.8436374256407485
3132,0.8248623148072888
3133,0.7277983146381968
3134,0.7479904230662766
3135,0.8721543883489151
3136,0.7658799527564888
3137,1.008717069407868
3138,0.8186629456248942
3139,0.9244059948839148
3140,0.8583387502728961
3141,0.8064413460772298
3142,0.9125386955589728
3143,0.6117820045825888
3144,0.7116800752358355
3145,0.7630459952147062
3146,0.8321243738320886
3147,0.8013047646206309
3148,0.7130970276535066
3149,0.6550002919229032
3150,0.770662324344263
3151,0.7231931345739868
3152,0.7421453766950793
3153,0.8292904012313234
3154,0.9917131961558184
3155,0.8385008215956752
3156,0.7177021399522927
3157,0.7850093864011455
3158,0.6406532524544952
3159,0.7456877840924768
3160,0.7325805958720732
3161,0.9577053668273133
3162,0.7510015269546745
3163,0.8482426885293649
3164,0.8229139007612966
3165,0.9070478364681257
3166,0.7474590292033789
3167,0.8360211040406833
3168,0.7782787061802601
3169,0.6156787498501664
3170,0.7781015071272043
3171,0.7352375049506292
3172,0.8485968983981896
3173,0.8849073290530369
3174,0.8158289504356545
3175,0.911121667846387
3176,0.6881225250491778
3177,0.8202570218007064
3178,0.6507493443159925
3179,0.8751655223552791
3180,0.7724335468666906
3181,0.7913858868711723
3182,0.766234268038194
3183,0.9741778838639223
3184,0.7616290729150013
3185,0.89092957447729
3186,0.7906773014847102
3187,0.673244061599906
3188,0.7942197917065144
3189,0.7350603736629969
3190,0.727444059592423
3191,0.7975851205227199
3192,0.7825296086102218
3193,0.8253937011406948
3194,0.7409055103880919
3195,0.6441956372634182
3196,0.8983687271422652
3197,0.876759628649057
3198,0.7471048193345542
3199,0.8657779481148202
3200,0.7169937503326097
3201,0.7936884279615826
3202,0.7194734829465844
3203,0.6840486936709165
3204,0.8560361640055368
3205,0.8503680983321424
3206,0.7492303119617384
3207,0.6826316810173136
3208,0.886855712981063
3209,0.829998843557447
3210,0.6686387836523068
3211,0.7302779870162396
3212,0.7692453342791346
3213,0.7651714426649414
3214,0.9155498446243197
3215,0.7598577073322353
3216,0.8815419701188654
3217,0.7161080713059722
3218,0.7554296058492178
3219,0.7042407644515389
3220,0.7858949750738851
3221,0.8165374680566932
3222,0.8563903211679214
3223,0.8735714085320097
3224,0.8209655695397111
3225,0.5680323911448002
3226,0.8232681332185958
3227,0.7251414432070981
3228,0.7761531307286698
3229,0.7304552463052273
3230,0.9426497871493921
3231,0.7924485541251038
3232,0.8831361366485755
3233,0.7090231134508389
3234,0.9878164584177325
3235,0.673598324175171
3236,0.7734963195335027
3237,0.8158289504356545
3238,0.7866034399884831
3239,0.7894374577661973
3240,0.7031781649630312
3241,0.731695022258317
3242,0.823091062166895
3243,0.7841238203168809
3244,0.7368316639508478
3245,0.847002709280005
3246,0.9408785721564561
3247,0.7892603038900905
3248,0.7286839484878849
3249,0.8742799186235568
3250,0.6303800293053653
3251,0.6805061206247063
3252,0.7187649276780881
3253,0.7596806287510434
3254,0.718410710279772
3255,0.6691702979870682
3256,0.6723584503386923
3257,0.732226363414774
3258,0.4853154680915739
3259,0.7488760644454563
3260,0.8643609354612176
3261,0.7501159382819353
3262,0.7386027810603945
3263,0.7713707892588615
3264,0.821142663179886
3265,0.7097316762488266
3266,0.9043909725665183
3267,0.9460151159655976
3268,0.870914461805996
3269,0.7892603189490733
3270,0.7570237347314702
3271,0.864892314265132
3272,0.6456126800349873
3273,0.7182336091101055
3274,0.7396655838451727
3275,0.7942198067654973
3276,0.7520642695035208
3277,0.8183087056381038
3278,0.8955347921889574
3279,0.6454355939243036
3280,0.7841237073745084
3281,0.8036074035944304
3282,0.7975851958176347
3283,0.846294289542356
3284,0.561655898204265
3285,0.8181315592914882
3286,0.9226347347140298
3287,0.7139826464442118
3288,0.8877412941243106
3289,0.8030759645545837
3290,0.7462191930143577
3291,0.5885788073250943
3292,0.8331871088514436
3293,0.7757988154469643
3294,0.9428268582010926
3295,0.7033552360147317
3296,0.8154747631553043
3297,0.6355166484094219
3298,0.7106172649215657
3299,0.7591492650061118
3300,0.7203590942077981
3301,0.8344270278648712
3302,0.7387799650544674
3303,0.8158289127881971
3304,0.7352374371852057
3305,0.8331871088514436
3306,0.7522414610270853
3307,0.7040636181049233
3308,0.7155767075610407
3309,0.7874891039561374
3310,0.8827818063078869
3311,0.7928028091708773
3312,0.6728898517310813
3313,0.7260270168208544
3314,0.7525956407779439
3315,0.8160061043117617
3316,0.7095544922547534
3317,0.6803290194550397
3318,0.7308094260560862
3319,0.7371858587606895
3320,0.763400235201497
3321,0.6532290468120014
3322,0.6477382253686117
3323,0.7610976112866805
3324,0.6994584756881712
3325,0.645967017905167
3326,0.8400949278894531
3327,0.7035322844779577
3328,0.7890832328383897
3329,0.6916650830364052
3330,0.7486990009232471
3331,0.7377172225056211
3332,0.8009505547518062
3333,0.7913858341647321
3334,0.8781765961257109
3335,0.8895125392352127
3336,0.5218030225045627
3337,0.8060870985609477
3338,0.4087978313963354
3339,0.6782036021227705
3340,0.8833132227592587
3341,0.7791642797940164
3342,0.9332621978499502
3343,0.626483321685245
3344,0.8537335250317375
3345,0.6757238243318469
3346,0.8087440151689953
3347,0.7494074206608966
3348,0.8487740598037881
3349,0.7582635935089659
3350,0.6514578092305909
3351,0.787666190066821
3352,1.011196779433368
3353,0.7598577675681673
3354,0.6518121245122962
3355,0.8032531334896738
3356,0.7609205552939625
3357,0.8315930402051231
3358,0.7370087274730569
3359,0.6989270968842564
3360,0.7665883875531209
3361,0.7102629872873176
3362,0.7370087350025485
3363,0.755429673614641
3364,0.7940426905368478
3365,0.8875642306021017
3366,0.858870098958845
3367,0.8595786466978496
3368,0.7150453513456004
3369,0.8268106384993825
3370,0.7130969900060489
3371,0.7292152519968845
3372,0.867726324513355
3373,0.8753426611724031
3374,0.8044929621492037
3375,0.7819982749832564
3376,0.7896145062294236
3377,0.7610976564636291
3378,0.8018361660130199
3379,0.7258498930627133
3380,0.94282689584855
3381,0.7905001777265691
3382,0.7609205101170136
3383,0.8151204177556329
3384,0.6325055369915323
3385,0.7479904004778021
3386,0.617627141307684
3387,0.7605662475417486
3388,0.7648172403256083
3389,0.7701309455403482
3390,0.6535833018577748
3391,0.6364022747296184
3392,0.7510015194251828
3393,0.822205368081275
3394,0.8365523924907001
3395,0.711679977352446
3396,0.7873120103159624
3397,0.5705120785818262
3398,0.8067955935935119
3399,0.7090231435688047
3400,0.8392093015692561
3401,0.6803290646319886
3402,0.8902210417972685
3403,0.9497347525340171
3404,0.7866034625769576
3405,0.9141328244412251
3406,0.7975852409945836
3407,0.789614573994847
3408,0.7416139150667581
3409,0.8599328490371826
3410,0.7975851882881434
3411,0.6723584503386923
3412,0.7405511951063863
3413,0.7208905257181532
3414,0.867017837010282
3415,0.7391342426887156
3416,0.7054806458175091
3417,0.7726106329773743
3418,0.6934362076754432
3419,0.6785578044621037
3420,0.8207884006046211
3421,0.8432831630654836
3422,0.8650693401398839
3423,0.7791641743811355
3424,0.6597826484516949
3425,0.8657779932917692
3426,0.6934362679113755
3427,0.9169667368060584
3428,0.8705603046436118
3429,0.8223825219573818
3430,0.8604642127821145
3431,0.7832381563492266
3432,0.7028237593274277
3433,0.7708394405729124
3434,0.8317700736093663
3435,0.6537604632633732
3436,0.9215719921651835
3437,0.7469277708713282
3438,0.9513288663572865
3439,0.8030759871430583
3440,0.8098067275998759
3441,0.7781014995977127
3442,0.7253185519062559
3443,0.8172459179123084
3444,0.7285067494348291
3445,0.7821753912119058
3446,0.6999898017856453
3447,0.6372878408138833
3448,0.7490532183215631
3449,0.7779243908985545
3450,0.8181315442325053
3451,0.7215989529852939
3452,0.8057328585741572
3453,0.7664113014424375
3454,0.7552525347975171
3455,0.8268106460288742
3456,0.8129949928938722
3457,0.7262041706969612
3458,0.6580114861651991
3459,0.7623374550051933
3460,0.7683596703114803
3461,0.714514017718635
3462,0.6438414801010341
3463,0.6730669905482055
3464,0.715399576273408
3465,0.7051264058307187
3466,0.570689232457933
3467,0.6797976255921421
3468,0.7924485691840868
3469,0.723370198096196
3470,0.5604161222511755
3471,0.9947242247493014
3472,0.6271918468357753
3473,0.7775701283232895
3474,0.8229139233497711
3475,0.8696746406759576
3476,0.8627668216379482
3477,1.0558320643683026
3478,0.709731578365437
3479,0.7747361707815071
3480,0.8165374529977103
3481,0.8262792898134339
3482,0.6934362227344264
3483,0.7092002597974545
3484,0.6601368884384853
3485,0.7664113616783694
3486,0.8363753063800164
3487,0.7479904305957682
3488,0.7180564025275581
3489,0.9376902918034766
3490,0.7749133999525291
3491,0.8245080221140576
3492,0.850899582548938
3493,0.6867055274545577
3494,0.7657028741752965
3495,0.6808604283769202
3496,0.7871348639693468
3497,0.8657779179968544
3498,0.7510015570726405
3499,0.615501633621517
3500,0.7169937428031181
3501,0.7626917476984241
3502,0.8631210616247387
3503,0.7798727672970893
3504,0.7779243833690632
3505,0.8261020907603781
3506,0.711679977352446
3507,0.6116048732949565
3508,0.8007734460526481
3509,0.7722563929905835
3510,0.6466754903492571
3511,0.8524935759003437
3512,0.5967264399636505
3513,0.8037845424115546
3514,0.6473839326753806
3515,0.8126407980840307
3516,0.7782786459443282
3517,0.74303097289731
3518,0.8090982551557862
3519,0.8732171308977614
3520,0.6509264379561678
3521,0.7557839286604147
3522,0.766765586606177
3523,0.6941447855324141
3524,0.8096295511352942
3525,0.6907793287148529
3526,0.6684616975416231
3527,0.7476361604910116
3528,0.8023674318745622
3529,0.8656008544746453
3530,0.8859701092493406
3531,0.920155062335987
3532,0.9084648190037625
3533,0.7488760493864735
3534,0.870914461805996
3535,0.7830610401205772
3536,0.8826046976087288
3537,0.8080355126069398
3538,0.701583923138406
3539,0.82946750240099
3540,0.7479904531842427
3541,0.657657148295019
3542,0.8128178691357312
3543,0.8131720790045559
3544,0.6225866441830908
3545,0.6684617653070466
3546,0.7889060714327912
3547,0.7626917100509667
3548,0.7704851478796817
3549,0.7077832772618173
3550,0.7655256450042746
3551,0.6505721678514111
3552,0.7472819280337124
3553,0.8186629908018432
3554,0.6994584079227477
3555,0.5845048780634434
3556,0.8034302948952725
3557,0.8765824898319331
3558,0.6146160449487779
3559,0.6960931167539995
3560,0.7486989030398579
3561,0.7440937380346309
3562,0.7366544874862664
3563,0.7368316413623732
3564,0.8053785658809262
3565,0.64118463125841
3566,0.8367296367207049
3567,0.8223825144278906
3568,0.93078248782445
3569,0.6310885619853869
3570,1.0570718478508834
3571,0.8191942867813516
3572,0.7107943359732662
3573,0.7959909464635185
3574,0.7099088000069677
3575,0.7207133492535718
3576,0.7945740467522878
3577,0.7759760897949352
3578,0.7382485711915697
3579,0.72159898310326
3580,0.7102630927001987
3581,0.9378674607385666
3582,0.7534813047455982
3583,0.7173479451424513
3584,0.7347061110877317
3585,0.8098066974819098
3586,0.9472550349790252
3587,0.645612755329902
3588,0.6447270838327566
3589,0.8576302100633832
3590,0.8298217875647295
3591,0.8154747330373385
3592,0.7595035125223939
3593,0.7958138678823266
3594,0.7536584134447564
3595,0.7099087698890015
3596,0.9208634896031277
3597,0.796168198223015
3598,0.804138752280379
3599,0.7796955983619992
3600,0.7428538265506944
3601,0.9020883862991592
3602,0.7602120000254665
3603,0.6537605084403222
3604,0.7247871731023415
3605,0.738248669074959
3606,0.791562927804907
3607,0.5680324965576817
3608,0.7315179361476333
3609,0.8684347668394786
3610,0.6838715699127754
3611,0.8652465542519229
3612,0.6812146608342194
3613,0.6805061733311465
3614,0.8849073441120199
3615,0.6620852422485453
3616,0.7467505266413231
3617,0.7697767356715238
3618,0.8023675523464262
3619,0.7711937182071607
3620,0.8096296113712261
3621,0.8411577080857567
3622,0.7807583559698285
3623,0.8291132548847079
3624,0.7897916676350221
3625,0.7788100021597685
3626,0.8305302148318702
3627,0.6785578496390526
3628,0.7853636640353937
3629,0.863652417840179
3630,0.8167145842853427
3631,0.6824544819642577
3632,0.8925236807710679
3633,0.8105152452209146
3634,0.687236898728981
3635,0.8709145973368428
3636,0.7295695672785901
3637,0.897660232109701
3638,0.7757988982713706
3639,1.022001275973532
3640,0.8850844302227036
3641,0.8028988483259343
3642,0.7198276702269344
3643,0.6503950139753041
3644,0.89783744622174
3645,0.7506473020268668
3646,0.7446250942500711
3647,0.7694224655667672
3648,0.8018361208360709
3649,0.8942949484704446
3650,0.8420433193469707
3651,0.7463963167724987
3652,0.7961681229280999
3653,0.8268106836763316
3654,0.8310616388127339
3655,0.6944989577537811
3656,0.7462192683092724
3657,0.7354145760023301
3658,0.696093109224508
3659,0.7943969229941468
3660,0.8466485295291464
3661,0.8039616209927467
3662,0.7784557395845035
3663,0.8528478685935749
3664,0.862589622584892
3665,0.7641087302340612
3666,0.825925012179186
3667,0.7713708118473356
3668,0.7517100295167303
3669,0.7322264010622314
3670,0.764994371613241
3671,0.6023944454011131
3672,0.9017341011354197
3673,0.5977892352189373
3674,0.8101610052341237
3675,0.7318721083690003
3676,0.8742798960350823
3677,0.7979393830979848
3678,0.8990772071158466
3679,0.7044178957391716
3680,0.826102196173259
3681,0.6969787430741965
3682,0.8301760350810116
3683,0.8082126589535554
3684,0.754721148464111
3685,0.6339225270566607
3686,0.7674740439912838
3687,0.686882666271682
3688,0.8321244265385292
3689,0.8686119508335515
3690,0.9274171288902785
3691,0.8728628532635136
3692,0.8535563485671558
3693,0.9830341244774156
3694,0.8464714283594799
3695,0.8999628409655347
3696,0.7437394378119084
3697,0.8756969011591935
3698,0.6755466704557397
3699,0.6929048589894946
3700,0.7042408171579796
3701,0.8301759823745712
3702,0.7037094308245732
3703,0.7265584784491754
3704,0.735768853636578
3705,0.8439916731570306
3706,0.8278733885777205
3707,0.665450586123734
3708,0.7224845416580333
3709,0.6751924831753895
3710,0.6071768320478704
3711,0.8028988859733917
3712,0.7887289552041419
3713,0.9394615369143787
3714,0.8170688242721335
3715,0.7180564702929816
3716,0.7506472568499178
3717,0.7368316112444074
3718,0.8094524650246105
3719,0.8305302073023789
3720,0.8114009242475517
3721,0.8262792521659765
3722,0.7375401138064629
3723,0.74923031949123
3724,0.857275977606084
3725,0.7439165766290324
3726,0.6303801196592632
3727,0.8027218073921996
3728,0.6937904702507085
3729,0.9107674730365451
3730,0.6592512018823566
3731,0.8776452097923049
3732,0.785894884719987
3733,0.7306322797094706
3734,0.8245080221140576
3735,0.7159309927247802
3736,0.7384257175381853
3737,0.6882996412778273
3738,0.7053036048837749
3739,0.7394884902049977
3740,0.8140576827362779
3741,0.817068846860608
3742,0.7022924031119874
3743,0.7129198963658739
3744,0.7966995544384549
3745,0.7008753753994016
3746,0.730100840669624
3747,0.6994584305112221
3748,0.8824276491455025
3749,0.9350334881378014
3750,0.7116799622934631
3751,0.6339225722336097
3752,0.858692930023755
3753,0.7772158958659903
3754,0.9711667272690843
3755,0.7322263709442657
3756,0.6909565051794346
3757,0.7977623120462844
3758,0.7269126807885086
3759,0.6909564600024856
3760,0.8140577203837356
3761,0.7322263709442657
3762,0.8059100651567046
3763,0.724964319448957
3764,0.7734961840026561
3765,0.682100362449331
3766,0.7414368666035321
3767,0.7118571613465192
3768,0.7804041385715124
3769,0.8983686443178586
3770,0.745687753974511
3771,0.8298216972108314
3772,0.74976167570667
3773,0.8046701235548022
3774,0.8089211313976451
3775,0.7759760220295117
3776,0.8461171281367572
3777,0.7432081418324
3778,0.6601368884384853
3779,0.823799504493019
3780,0.726381286925611
3781,0.6849342823436559
3782,0.7301009084350475
3783,0.7848322249955471
3784,0.6438414650420512
3785,0.8005962695880667
3786,0.6638565325363964
3787,0.717879278769417
3788,0.7674740515207751
3789,0.732403502231898
3790,0.7476361981384689
3791,0.8342498438707984
3792,0.7453335365761947
3793,0.8507224060843567
3794,0.6712956852013716
3795,0.8797706572425401
3796,0.6858198408984294
3797,0.840626359399808
3798,0.8080355126069398
3799,0.8625897355272645
3800,0.7051264208897016
3801,0.6776722233188558
3802,0.8542648134817542
3803,0.6957388767672091
3804,0.8953576458423419
3805,0.7536584134447564
3806,0.7786328859311187
3807,0.6195755101767273
3808,0.7699538067232243
3809,0.5866304459855427
3810,0.848951108267014
3811,0.904036762697694
3812,0.7401969701785787
3813,0.798293630614267
3814,0.8016590422548788
3815,0.739134280336173
3816,0.5549252330423624
3817,0.773142026840272
3818,0.6975101218781109
3819,0.6743068267372267
3820,0.6511036068912575
3821,0.6401218887095637
3822,0.642070189813183
3823,0.7572008434306283
3824,0.7582636537448978
3825,0.8567446063316608
3826,0.7371857985247574
3827,0.6009774553359847
3828,0.6982185792632177
3829,0.7660571216915786
3830,0.8324786138188794
3831,0.6911335988196096
3832,0.753304150869491
3833,0.7632230888548814
3834,0.6424244975653973
3835,0.7026466355692866
3836,0.74232244774678
3837,0.8004191533594169
3838,0.7364773336101592
3839,0.9128929882522039
3840,0.7093774212030529
3841,0.775976059676969
3842,0.9074020312779673
3843,0.7316949996698425
3844,0.7090231435688047
3845,0.8253935580803562
3846,0.9430040798426232
3847,0.7497616079412465
3848,0.7122114013333097
3849,0.8652465843698887
3850,0.7683597230179209
3851,0.6339225421156437
3852,0.7587950099603381
3853,0.7966995017320146
3854,0.763045927449283
3855,0.6638565250069048
3856,0.7104401938698653
3857,0.6826316734878223
3858,0.6629709062161995
3859,0.7460419939613016
3860,0.819371418068984
3861,0.6597826183337288
3862,0.7217760918024181
3863,0.8080355126069398
3864,0.8813648162427585
3865,0.5262311691645292
3866,0.687413977310173
3867,0.8057329263395807
3868,0.74905315055614
3869,0.7850093487536881
3870,0.9056308162850312
3871,0.7651714577239246
3872,0.7634002201425141
3873,0.6300257817890832
3874,0.8335413262497596
3875,0.9148413345327726
3876,0.6408303310356873
3877,0.8723315271660391
3878,0.7626917552279157
3879,0.8333643003750079
3880,0.6920191950218403
3881,0.8647151603890253
3882,0.8129949928938722
3883,0.8778223260209543
3884,0.8751654696488386
3885,0.7734962969450282
3886,0.8879184630594006
3887,0.766588417671087
3888,0.812286452684359
3889,0.7674740515207751
3890,0.7816439822900253
3891,0.5675009596344451
3892,0.6401218962390549
3893,0.6681074123778836
3894,0.7674740138733177
3895,0.7570238024968936
3896,0.8677263094543718
3897,0.7759760822654436
3898,0.843637448229223
3899,0.5958409039973519
3900,0.8569217376192935
3901,0.8385008592431326
3902,0.7676512204558651
3903,0.7458649078506179
3904,0.8257478357146044
3905,0.8477112570190098
3906,0.6978643392764272
3907,0.7692453192201517
3908,0.7796956510684395
3909,0.8009505547518062
3910,0.8337184725963752
3911,0.7788100172187513
3912,0.7936884806680231
3913,0.7772158506890416
3914,0.7515329283470638
3915,0.6631479998563748
3916,0.6821002796249247
3917,0.8278733434007715
3918,0.6833401986383523
3919,0.7217760390959775
3920,0.7417910162364247
3921,0.7437394302824168
3922,0.7440937229756479
3923,0.7308093281726966
3924,0.6989270366483246
3925,0.8363753816749315
3926,0.7442708919107379
3927,0.8530249772927326
3928,0.882427671733977
3929,0.8358439501645762
3930,0.8296446487476055
3931,0.7766845471800417
3932,0.751709969280798
3933,0.6209924776533812
3934,0.9298968389157787
3935,0.6872368159045745
3936,0.7885518615639665
3937,0.6068225318251481
3938,0.7843008461916323
3939,0.9545170337678935
3940,0.7311636133364361
3941,0.9789601575683076
3942,0.7308094185265946
3943,0.8156517287941243
3944,0.7559609244172004
3945,0.798470754372408
3946,0.7885518690934581
3947,0.8349583690213287
3948,0.8432831630654836
3949,0.8634752940820379
3950,0.8526707674239082
3951,0.8122864300958845
3952,0.852670707187976
3953,0.8636524705466192
3954,0.7651714276059586
3955,0.8983687196127736
3956,0.8470027845749202
3957,0.6635022323136737
3958,0.757200933784526
3959,0.7892602888311075
3960,0.7040636858703468
3961,0.8172459555597658
3962,0.7070747370523042
3963,0.6328597694488316
3964,0.9391072969275879
3965,0.8152976017497059
3966,0.6597826484516949
3967,0.747813276719661
3968,0.861172670167221
3969,0.6447271290097055
3970,0.7534813122750894
3971,0.7327578099841123
3972,0.8462943196603216
3973,0.7017610694850216
3974,0.74905315055614
3975,0.8431060694253083
3976,0.7168165738680281
3977,0.8893354757130035
3978,0.853025060117139
3979,0.7164623564697121
3980,0.8376152404524273
3981,0.7607433336524323
3982,0.7120341872212708
3983,0.8209654791858132
3984,0.9058079400431722
3985,0.8572760077240498
3986,0.8579844651091566
3987,0.8276963099965284
3988,0.6038114354662415
3989,0.7936884279615826
3990,0.9157269382644946
3991,0.8679034256830216
3992,0.7990021482353057
3993,0.758086499868791
3994,0.5802539078680582
3995,0.9058079400431722
3996,0.7030009132035344
3997,0.913247190591537
3998,0.8670177918333334
3999,0.782175421329872
4000,0.8795936163088054
4001,0.9376902616855105
4002,0.6204611967328556
4003,0.8301759899040626
4004,0.9199778858714054
4005,0.8508995147835146
4006,0.8604642579590631
4007,0.873040059846061
4008,0.653583286798792
4009,0.7812897121852687
4010,0.7079604236084329
4011,0.7339976085256762
4012,0.9035053085988641
4013,0.695561722891102
4014,0.791740096739997
4015,0.8071499465226749
4016,1.0299719429732686
4017,0.8675492158141969
4018,0.8090982175083284
4019,0.730455103244889
4020,0.8852615690398274
4021,0.8583387427434048
4022,0.9236975450282996
4023,0.7931570566871594
4024,0.8381465966678676
4025,0.8916380092739224
4026,0.7593263360578122
4027,0.9049224266653482
4028,0.7021153094718124
4029,0.856744591272678
4030,0.689362406415148
4031,0.715930985195289
4032,0.6266604680318606
4033,0.9422956073985331
4034,0.8245079995255832
4035,0.8958889794693077
4036,0.7132741212936815
4037,0.7465734179421653
4038,0.8287589923094428
4039,0.8523164596716939
4040,0.7090231360393134
4041,0.7713708645537762
4042,0.6808604509653947
4043,0.7680054378541814
4044,0.8303530910737291
4045,0.7430309126613781
4046,0.7269126582000341
4047,0.7293923908140089
4048,0.671118584031705
4049,0.6847571284675489
4050,0.6371107547031997
4051,0.6725355289198844
4052,0.8756968559822449
4053,0.7789871183884179
4054,0.7003440794198932
4055,0.7881975613412442
4056,0.8645380366308842
4057,0.6695244400904694
4058,0.8048472322539604
4059,0.5667924570723897
4060,0.7710166019785112
4061,0.7239015467821446
4062,0.7198277530513411
4063,0.7910315640599754
4064,0.6507493518454841
4065,0.674838228129616
4066,0.6433101012971194
4067,0.7850093788716542
4068,0.7074290071570608
4069,0.8399177589543629
4070,0.7207133718420463
4071,0.7286838807224614
4072,0.7685368768940277
4073,0.8023675448169346
4074,0.8546191212339682
4075,0.9325536124634881
4076,0.8625897355272645
4077,0.7347061487351894
4078,0.7168166039859942
4079,0.6585427746152159
4080,0.7938655968966726
4081,0.7931570868051254
4082,0.607708180733819
4083,0.7130970050650322
4084,0.6654506463596659
4085,0.7196505765867593
4086,0.8950033682080937
4087,0.776153153317144
4088,0.7935113117329331
4089,0.831415841152067
4090,0.8517851561626942
4091,0.6941446801195329
4092,0.7641087001160951
4093,0.6624394822353361
4094,0.7828838636559955
4095,0.868434804486936
4096,0.6195754574702866
4097,0.8060871362084051
4098,0.7846551388848634
4099,0.7226616804751572
4100,0.7215989078083449
4101,0.6874140149576307
4102,0.7819982298063074
4103,0.8987230499534624
4104,0.6551774232105358
4105,0.7742048070365757
4106,0.957882407761048
4107,0.6392362322714007
4108,0.7033551531903253
4109,0.7706623168147714
4110,0.7451564881129688
4111,0.738957111401083
4112,0.858870098958845
4113,0.6232951015681977
4114,0.9376902918034766
4115,0.8273420022443144
4116,0.8795936087793138
4117,0.7324035248203724
4118,0.7279754383963378
4119,0.7981165219151088
4120,0.5915898735660344
4121,0.7465734555896226
4122,0.6960930489885762
4123,0.7598577223912186
4124,0.7908544327723428
4125,0.7173479978488918
4126,0.6477382630160691
4127,0.8493054235487195
4128,0.6234722102673559
4129,0.7924485917725612
4130,0.6918421239701399
4131,0.8129950230118383
4132,0.8429289607261504
4133,0.7595034899339194
4134,0.8046701461432767
4135,0.8177772515392743
4136,0.8928779358168416
4137,0.669170245280628
4138,0.687768224826455
4139,0.8721543356424749
4140,0.8528478987115405
4141,0.676786581939676
4142,0.7614517985670304
4143,0.7766845245915671
4144,0.9072249978737241
4145,0.7235473595017944
4146,0.7857177910798121
4147,0.7322264236507059
4148,0.8007733406397672
4149,0.7306323248864197
4150,0.658897067308447
4151,0.8505452446787579
4152,0.7834152499894016
4153,0.7772158657480245
4154,0.7935112966739502
4155,0.782529593551239
4156,0.7756218046311953
4157,0.7678283592729891
4158,0.8602870739649903
4159,0.8326556773410883
4160,0.8751655374142621
4161,0.7669426727168607
4162,0.7742048145660669
4163,0.7432081644208746
4164,0.7897916676350221
4165,0.7485217416342591
4166,0.8252165020876386
4167,0.8485968908686979
4168,0.7194734904760757
4169,0.8048472171949774
4170,0.7299237018524998
4171,0.6874139396627156
4172,0.7694224881552417
4173,0.7373629900483218
4174,0.8879183952939774
4175,0.8122864300958845
4176,0.8037845122935885
4177,0.7350603962514715
4178,0.8447002359550183
4179,0.6978642639815121
4180,0.9242288108898415
4181,0.7612747275153299
4182,0.8822504726809212
4183,0.6959159628778924
4184,0.5531539954609519
4185,0.6743069246206164
4186,0.7851865252182698
4187,0.5992062554020319
4188,0.7660570539261554
4189,0.6686388363587474
4190,0.7995335345687117
4191,0.7295694995131666
4192,0.8303530986032207
4193,0.6546460820540785
4194,0.8749883985971381
4195,0.9761261924970337
4196,0.890752450719149
4197,0.8237996099058998
4198,0.696801551550632
4199,0.6316199633777762
4200,0.6424244975653973
4201,0.8222054207877152
4202,0.7899688591585865
4203,0.6622624111836353
4204,0.7922713776605222
4205,0.8482426508819075
4206,0.6321513120637248
4207,0.7442708090863316
4208,0.7093773684966123
4209,0.7109715350263224
4210,0.7439165615700495
4211,0.7984708221378315
4212,0.7570237573199446
4213,0.8806564718000242
4214,0.7106172649215657
4215,0.820257029330198
4216,0.6555317761396988
4217,0.8847302128243871
4218,0.702469549458603
4219,0.739488497734489
4220,0.8709145898073513
4221,0.918029539590837
4222,0.9045680963246594
4223,0.7828839088329445
4224,0.7848323002904621
4225,0.777215888336499
4226,0.8728628984404623
4227,0.6418931789974145
4228,0.7115028912417627
4229,0.750293107217025
4230,0.7920943442562791
4231,0.8514308634694632
4232,0.8576302175928745
4233,0.9075792077425489
4234,0.7966995920859126
4235,0.7768616182317424
4236,0.7963452692747154
4237,0.7988250470656391
4238,0.8225596155975571
4239,0.6615539387395456
4240,0.7672969503511086
4241,0.9277713312296116
4242,0.8078584340257479
4243,0.7237244305534952
4244,0.9545170563563681
4245,0.695738801472294
4246,0.7557838232475338
4247,0.6833401685203865
4248,0.5892872270627434
4249,0.842751814379535
4250,0.6962702254531578
4251,0.650572228087343
4252,0.8491283073200702
4253,0.7031780821386245
4254,0.8586929827301952
4255,0.6734212380644876
4256,0.7720792993504085
4257,0.8184858218667532
4258,0.7153995913323913
4259,0.8882727331641572
4260,0.5391611733908601
4261,0.8815420077663227
4262,0.6489780314396673
4263,0.7982936532027415
4264,0.9840967314954149
4265,0.6557088170734335
4266,0.6009774854539508
4267,0.6920192251398064
4268,0.7984708221378315
4269,0.7260270695272946
4270,0.7115028310058304
4271,0.6388819998141018
4272,0.8570988387889601
4273,0.8648922841471663
4274,0.8165374831156761
4275,0.752595625718961
4276,0.8165375132336422
4277,0.8530250375286645
4278,0.730632317356928
4279,0.845585711685385
4280,0.700875488341774
4281,0.7853635661520044
4282,0.7575551888302997
4283,0.802190413529302
4284,0.6980414404460937
4285,0.7942198594719379
4286,0.786957747740697
4287,0.8264563759241176
4288,0.8501910875163738
4289,0.688653881264618
4290,0.7104400658685096
4291,0.7325805958720732
4292,0.8268106836763316
4293,0.7159309550773229
4294,0.816183190422445
4295,0.728152501918547
4296,0.7943969380531299
4297,0.9130700291859386
4298,0.8686119207155858
4299,0.6041656980415068
4300,0.6601369260859427
4301,0.737008757591023
4302,0.7818211211071492
4303,0.8214969182256597
4304,0.7828838561265039
4305,0.8983687497307398
4306,0.8053785959988919
4307,0.7325805732835987
4308,0.8230910471079121
4309,0.8445229766660303
4310,0.7040636181049233
4311,0.7246100342852172
4312,0.5246370026348195
4313,0.8831360764126432
4314,0.6018630440087241
4315,0.9104131426958567
4316,0.7517100521052047
4317,0.8526706921289932
4318,0.7423224552762713
4319,0.8289361461855497
4320,0.8441687893856801
4321,0.5852133881549908
4322,0.8496596258880527
4323,0.6714728240184955
4324,0.7313407822715261
4325,0.7313407672125433
4326,0.7169937277441353
4327,0.8124635689130084
4328,0.7501159232229521
4329,0.7371858813491641
4330,0.8020132822416697
4331,0.7129199415428229
4332,0.4980683109123061
4333,0.7371858888786553
4334,0.802013319889127
4335,0.8137035255738938
4336,0.7486989180988408
4337,0.7244329105270761
4338,0.8542649188946351
4339,0.7905001626675863
4340,0.9355648217647669
4341,0.6806833046187791
4342,0.5878702897040556
4343,0.6691702753985938
4344,0.6149702096406532
4345,0.9205093399702352
4346,0.7394883923216081
4347,0.8958890773526968
4348,0.8214969031666766
4349,0.6921963790159136
4350,0.7568466185028208
4351,0.723901629606551
4352,0.9221033634396067
4353,0.7297466308007993
4354,0.8583387502728961
4355,0.8248622771598311
4356,0.6247120690448517
4357,0.7368315811264413
4358,0.5777742204310324
4359,0.8013048323860544
4360,0.7212447054690118
4361,0.7336433233619364
4362,0.8160061494887106
4363,0.7331119671464964
4364,0.8255707496039207
4365,0.7315179737950906
4366,0.793688450550057
4367,0.8447001681895948
4368,0.7708395008088447
4369,0.8647151754480081
4370,0.8310616086947678
4371,0.6008003391073352
4372,0.8799478337071214
4373,0.8496596785944933
4374,0.8521393434430445
4375,0.8317701790222471
4376,0.7109715274968308
4377,0.7313407747420348
4378,0.8586929977891782
4379,0.9247602499296882
4380,0.8563903286974126
4381,0.8450544081763853
4382,0.7348832724933304
4383,0.7722564231085496
4384,0.716285187534622
4385,0.7834151972829613
4386,0.8117551190573933
4387,0.78483224005453
4388,0.9105903718668786
4389,0.8044930148556444
4390,0.7517100295167303
4391,0.7600348687378342
4392,0.7302779945457308
4393,0.6952074678453282
4394,0.7572008735485941
4395,0.6619080959019298
4396,0.7472819506221868
4397,0.8177772590687655
4398,0.8177772967162232
4399,0.7660570012197148
4400,0.7230159882273712
4401,0.7844779398318076
4402,0.8960661258159232
4403,0.6783806957629455
4404,0.9421183857570028
4405,0.7116800451178694
4406,0.8119321524616363
4407,0.7635773890776039
4408,0.7256728220110125
4409,0.9086419352324123
4410,0.9061622176774204
4411,0.74976167570667
4412,0.7805812246821962
4413,0.688653851146652
4414,0.7935113343214075
4415,0.7083146485362405
4416,0.831061623753751
4417,0.6213467402286461
4418,0.7375400912179885
4419,0.7676511828084077
4420,0.59513237131733
4421,0.7253185443767647
4422,0.7348832348458727
4423,0.8411576252613504
4424,0.7796956209504737
4425,0.866309281741786
4426,0.8524936662542414
4427,0.9134242691727291
4428,0.8037844671166395
4429,0.739134235159224
4430,0.6511035918322746
4431,0.6732440917178721
4432,0.834781237733696
4433,0.6250662864431676
4434,0.834781237733696
4435,0.7442708392042974
4436,0.8962432269855898
4437,0.7244328879386017
4438,0.7782786685328027
4439,1.0037575439439865
4440,0.6468526366958722
4441,0.7956368118896086
4442,0.6725355590378506
4443,0.6619081335493875
4444,0.8014819636736867
4445,0.8273419495378739
4446,0.7120342700456771
4447,0.7986479233074981
4448,0.8211426405914115
4449,0.8544420727707419
4450,0.784655101237406
4451,0.6440185812707007
4452,0.8533792473974893
4453,0.5818480292208192
4454,0.8099838739464914
4455,0.6555316631973264
4456,0.7092003049744035
4457,0.7026466958052184
4458,0.6553546072046088
4459,0.774381968442174
4460,0.643841495160017
4461,0.7876662879502103
4462,0.7745589717284513
4463,0.7830609271782047
4464,0.6698786725477687
4465,0.7462192457207979
4466,0.7786328934606103
4467,0.7354146437677536
4468,0.6688159676463797
4469,0.8032530958422164
4470,0.908464796415288
4471,0.7336433459504108
4472,0.6897166388724473
4473,0.7720793068798998
4474,0.8365524000201914
4475,0.8059098844489083
4476,0.8792394064399807
4477,0.737008667237125
4478,0.9050994600695913
4479,0.8521393735610107
4480,0.7782786082968708
4481,0.7467506094657295
4482,0.644904230179372
4483,0.768891064174378
4484,0.8457629257974241
4485,0.9171439659770807
4486,0.8803020360464545
4487,0.6943218641136062
4488,0.8034302723067981
4489,0.6923735027740546
4490,0.6303800970707887
4491,0.6952075205517688
4492,0.9325537404648434
4493,0.8273419721263484
4494,0.7612747350448215
4495,0.6573030061916177
4496,0.8594014250563192
4497,0.6211695938820306
4498,0.7745590771413322
4499,0.7998878046734683
4500,0.8319471521905584
4501,0.6828087972459633
4502,0.7386028563553092
4503,0.8016589970779299
4504,0.6845799595324588
4505,0.9433582897114476
4506,0.7070747972882364
4507,0.8762282724336167
4508,0.6982185792632177
4509,0.7207133191356057
4510,0.7763302695457938
4511,0.7734962969450282
4512,0.6248892831568906
4513,0.723370137860264
4514,0.7246100568736917
4515,0.8822504049154977
4516,0.7123885326209424
4517,0.8213198095265016
4518,0.7630459952147062
4519,0.8670177767743502
4520,0.6663362425618966
4521,0.7139826012672629
4522,0.6900708412117804
4523,0.8562132049392716
4524,0.6751925057638639
4525,0.6771408445149409
4526,0.862589667761841
4527,0.7145140930135497
4528,0.742499541386955
4529,0.7816439822900253
4530,0.7462191930143577
4531,0.8284048125585842
4532,0.8537334647958056
4533,0.5790140942675114
4534,0.9056308464029973
4535,0.7572008810780857
4536,0.8567446515086098
4537,0.7263812793961193
4538,0.7745590093759087
4539,0.7540126534315468
4540,0.8160060365463382
4541,0.8585158890900203
4542,0.8489511157965056
4543,0.7157538614371479
4544,0.8252165020876386
4545,0.7067204970655137
4546,0.8089210937501874
4547,0.7554295907902346
4548,0.7462191704258831
4549,0.7605662626007315
4550,0.6032801319572418
4551,0.7786329461670509
4552,0.7012297283285646
4553,0.6404761136373713
4554,1.022887000177118
4555,0.8356668489949096
4556,0.7708393728074893
4557,0.9908274418342664
4558,0.8034303024247638
4559,0.8124635689130084
4560,0.8326557451065117
4561,0.7844780301857056
4562,0.6427787375521878
4563,1.0117280904718595
4564,0.9685098332495111
4565,0.8328328613351615
4566,0.9275942375894366
4567,0.7795184670743666
4568,0.8663093193892434
4569,0.7442707864978572
4570,0.8831360990011177
4571,0.7750904634747382
4572,0.8377923717400599
4573,0.7393113589173651
4574,0.8027217471562678
4575,0.8537334723252968
4576,0.6225865613586845
4577,0.8934092393258413
4578,0.5836192893907043
4579,0.7037094007066074
4580,0.8636524705466192
4581,0.7979393605095104
4582,0.8011276408624899
4583,0.6383506435986616
4584,0.8268106535583658
4585,0.9298968690337448
4586,0.7665884327300698
4587,0.7639315914169373
4588,0.8223825897228053
4589,0.8214968579897276
4590,0.8036073508879902
4591,0.6027486929173952
4592,0.6755467081031971
4593,0.86595506434347
4594,0.7646400864495015
4595,0.7306322797094706
4596,0.6659820703405293
4597,0.8447001907780693
4598,0.7008754281058418
4599,0.9100589478860153
4600,1.009071301865167
4601,0.8625896903503155
4602,0.7276212059390386
4603,0.8176002030760479
4604,0.7448021502427886
4605,0.8188400769125269
4606,0.8601099727953236
4607,0.7045951399691764
4608,0.7736733604672373
4609,0.7270898346646154
4610,0.7412597353158995
4611,0.9647902418580403
4612,0.7929799630469845
4613,0.8861472480664646
4614,0.8365524226086659
4615,0.7871348338513807
4616,0.7880204225241203
4617,0.6700558866598076
4618,0.6305571681224892
4619,0.7607433863588725
4620,0.7793413884931745
4621,0.7913858115762575
4622,0.6865283886374338
4623,0.7106173025690231
4624,0.8225596155975571
4625,0.8399178116608036
4626,0.6778492943705562
4627,0.8346041365640294
4628,0.6725356418622569
4629,0.8632981853828797
4630,0.6571257920795791
4631,0.7026467108642014
4632,0.7828838636559955
4633,0.7063662646082145
4634,0.7832381337607521
4635,0.7185878566263876
4636,0.7757989058008619
4637,0.5781284830062978
4638,0.8599328791551487
4639,0.8470027921044114
4640,0.8222053756107662
4641,0.7789871259179095
4642,0.5593533345253803
4643,0.7595035576993429
4644,0.874456982145766
4645,0.7692453342791346
4646,0.9097047229582076
4647,0.7122113335678862
4648,0.647029752924522
4649,0.6819230956308517
4650,0.7564923860455215
4651,0.6077081430863617
4652,0.8245079995255832
4653,0.7770387796373408
4654,0.8624125590626829
4655,0.7814668961793416
4656,0.8464714208299883
4657,0.6760780643186373
4658,0.7279754308668461
4659,0.6836943859187026
4660,0.6372878784613407
4661,0.6548231606352709
4662,0.7596806513395178
4663,0.7324035398793557
4664,0.686882666271682
4665,0.8546191664109172
4666,0.7474591120277853
4667,0.8009505095748573
4668,0.5423494085668903
4669,0.6944989426947983
4670,0.8928779056988755
4671,0.847534201026292
4672,0.5784827681700373
4673,0.6043428293291391
4674,0.9571739202579751
4675,0.6410074547938284
4676,0.8275190883549978
4677,0.7596805986330776
4678,0.8152976243381803
4679,0.7922714077784884
4680,0.7088460574581213
4681,0.7958139582362241
4682,0.7556067446663418
4683,0.7892603942439884
4684,0.8719772947087402
4685,0.6422473211008157
4686,0.8827818514848356
4687,0.6633250558490924
4688,0.8365523849612085
4689,0.6169186914520688
4690,0.8558589498934982
4691,0.7230159505799139
4692,0.8748112673095054
4693,0.9809085942027739
4694,0.9116530090028441
4695,0.7804040933945634
4696,0.7703080316510319
4697,0.7878433891198768
4698,0.8110466390838122
4699,0.8721544034078981
4700,0.622940846522424
4701,0.7380715001398693
4702,0.7727877717944982
4703,0.7796956510684395
4704,0.4769906138114871
4705,0.7120342248687281
4706,0.7589721563069536
4707,0.7262041631674699
4708,0.6978643317469356
4709,0.6952074226683792
4710,0.8284046920867202
4711,0.6817460396381338
4712,0.7407283489824935
4713,0.7936883978436168
4714,0.5956638103571766
4715,0.882073318804814
4716,0.6220552277317187
4717,0.6229408164044582
4718,0.8415119104250899
4719,0.7056577093397184
4720,0.7800499061142132
4721,0.8108694852077051
4722,0.7426767027925534
4723,0.7166394726983615
4724,0.8533792248090147
4725,0.7715479581939512
4726,0.6670446848880203
4727,0.679797595474176
4728,0.6273689404759503
4729,0.928479856380142
4730,0.6654506313006826
4731,0.8214969634026088
4732,0.9699268534326053
4733,0.6647421136796443
4734,0.7834152424599103
4735,0.7975851807586518
4736,0.6982186470286412
4737,0.6518120492173815
4738,0.8207884758995359
4739,0.746750677231153
4740,0.7520642770330124
4741,0.7949283319160276
4742,0.7111485910190399
4743,0.7416138849487923
4744,0.737008757591023
4745,0.7848322024070726
4746,0.7536584059152647
4747,0.8011276634509644
4748,0.8351354701909952
4749,0.8714459309638083
4750,0.8018362262489521
4751,0.8305302374203447
4752,0.8053785959988919
4753,0.7908544403018345
4754,0.7239015693706191
4755,0.5781284378293488
4756,0.6824545196117151
4757,0.7297466308007993
4758,0.7400198163024719
4759,0.7192963742474263
4760,0.8508994771360572
4761,0.7827067775453118
4762,0.776330277075285
4763,0.6920192627872638
4764,0.7380715227283439
4765,0.7924485842430696
4766,0.6654505560057679
4767,0.848419752051574
4768,0.7315178909706843
4769,0.6636793786602893
4770,0.7756217745132296
4771,0.7610976263456634
4772,0.7150453889930581
4773,0.8013047721501222
4774,0.7228388418807556
4775,0.7612747576332957
4776,0.8174231019063813
4777,0.8151204403441075
4778,0.6562401431709077
4779,0.7515328906996059
4780,0.8485968532212406
4781,0.9162582493029859
4782,0.6652734473066098
4783,0.8514308408809887
4784,0.6998127156749616
4785,0.7368316037149159
4786,0.8105152226324401
4787,0.7614518663324539
4788,0.6565943831576982
4789,0.689893724983131
4790,0.8496595807111037
4791,0.8764053585443004
4792,0.6953845238380462
4793,0.6714728315479871
4794,0.7772158582185329
4795,0.5205631712565582
4796,0.5791912104961608
4797,0.8057329263395807
4798,0.6248891777440098
4799,0.8280504972768786
4800,0.662262418713127
4801,0.8393864403863804
4802,0.9437124544033233
4803,0.6886539113825838
4804,0.6364023575540247
4805,0.7789871183884179
4806,0.8595785337554771
4807,0.7201818876252507
4808,0.8408034831579491
4809,0.9614249506892926
4810,0.653760410556933
4811,0.7667656016651598
4812,0.6991041378179911
4813,0.6188670226736543
4814,0.7844780603036714
4815,0.7605661797763251
4816,0.9020883938286508
4817,0.7180564552339983
4818,0.7442708316748061
4819,0.7596806136920604
4820,0.7584407323260902
4821,0.717879323946366
4822,0.7625145787633344
4823,0.7458649454980756
4824,0.8705602895846286
4825,0.7031780219026926
4826,0.8935863404955079
4827,0.8388551293478892
4828,0.6714727863710381
4829,0.8016589443714895
4830,0.8677262567479315
4831,0.7432080213605363
4832,0.8209655620102195
4833,0.7605662475417486
4834,0.7889061090802486
4835,0.8361982654462817
4836,0.7421452938706729
4837,0.7479903628303447
4838,0.8716230321334749
4839,0.7678283366845146
4840,0.6844028583627922
4841,0.8521393735610107
4842,0.8787079598706428
4843,0.7626917853458818
4844,0.6461441266043252
4845,0.8909295217708495
4846,0.7667655790766854
4847,0.8804792652174764
4848,0.6851114211607799
4849,0.5644899912768943
4850,0.7979394960403573
4851,0.8416890492422141
4852,0.7474590066149044
4853,0.6821001968005183
4854,0.6918420562047164
4855,0.7292152595263761
4856,0.8025446083391439
4857,0.8372609778771624
4858,0.7040637084588214
4859,0.9520373011539188
4860,0.7632230436779325
4861,0.7104401035159673
4862,0.7469277332238705
4863,0.7318721158984919
4864,0.7231930668085633
4865,0.9515059524679702
4866,0.8539106186719124
4867,0.6551774232105358
4868,0.8590471850695284
4869,0.7536584285037392
4870,0.7945740467522878
4871,0.765171450194433
4872,0.8052015400061743
4873,0.8011277086279134
4874,0.8505452296197751
4875,0.7963453144516643
4876,0.8415119028955985
4877,0.812640700200641
4878,0.7968766405491385
4879,0.706366377550587
4880,0.8354897553547347
4881,0.6123133984454864
4882,0.5480173462389295
4883,0.6089480696292809
4884,0.9325537329353522
4885,0.742322462805763
4886,0.8018361434245453
4887,0.7977623045167928
4888,0.6712957604962864
4889,0.6349852921939816
4890,0.9043909650370271
4891,0.7518871758633459
4892,0.8181315216440308
4893,0.6629708610392505
4894,0.8280504972768786
4895,0.7403740562892623
4896,0.6778492793115733
4897,0.7580864471623504
4898,0.796699539379472
4899,0.8099837534746274
4900,0.7297466684482566
4901,0.7832381789377011
4902,0.723370152919247
4903,0.8188400693830353
4904,0.7152224449857757
4905,0.8241537369503178
4906,0.8788850459813261
4907,0.8067955860640204
4908,0.7869577100932397
4909,0.7182335639331565
4910,0.7246100342852172
4911,0.7001669707207354
4912,0.8521393585020274
4913,0.8523165123781345
4914,0.9495576137168931
4915,0.6794434307823002
4916,0.6663362576208796
4917,0.7184107253387549
4918,0.8409805542096499
4919,0.8060870684429816
4920,0.6748381754231755
4921,0.8393864479158717
4922,0.8728628833814793
4923,0.6615539161510711
4924,0.7212447431164695
4925,0.7529498581762599
4926,0.6927278406442348
4927,0.7832381337607521
4928,0.8595785789324261
4929,0.7386028789437837
4930,0.7203590791488153
4931,0.756492333339081
4932,0.81122374778297
4933,0.8735713708845523
4934,0.7182335714626481
4935,0.870206094774787
4936,0.7874890964266458
4937,0.9013798611486292
4938,0.9465465248874781
4939,0.690602280251627
4940,0.622409460189018
4941,0.6326826155727244
4942,0.7299237846769064
4943,0.7660570539261554
4944,0.6105421683935676
4945,0.7281525470954959
4946,0.8284047523226521
4947,0.7230159505799139
4948,0.7378943462637622
4949,0.9143099030224172
4950,0.7230159581094054
4951,0.7595035200518852
4952,0.7440937154461563
4953,0.7738505670497848
4954,0.8011277161574046
4955,0.6656277174113663
4956,0.7894375104726379
4957,0.8507223383189332
4958,0.5618330596098633
4959,0.9313138289809071
4960,0.8140576827362779
4961,0.8624126192986147
4962,0.627900274102916
4963,0.8230910395784206
4964,0.6094793731382806
4965,0.595309495075471
4966,0.8089211615156109
4967,0.7548982496337776
4968,0.728506794611778
4969,0.8085668688223798
4970,0.669701586437085
4971,0.9208634820736361
4972,0.6821002570364502
4973,0.669347369038769
4974,1.0820463881026694
4975,0.7662342379202283
4976,0.7398427452507711
4977,0.8298217574467637
4978,0.832655760165495
4979,0.6371107095262507
4980,0.6179813662354917
4981,0.8195485493566166
4982,0.9600079530946725
4983,0.7609205025875223
4984,0.6944989502242895
4985,0.6946761342183628
4986,0.8131721618289622
4987,0.8285819137282509
4988,0.8248622696303397
4989,0.8016589519009811
4990,0.7316950071993338
4991,0.7765073556564774
4992,0.8850844302227036
4993,0.8806562986217199
4994,0.77579884556493
4995,0.6025715315117968
4996,0.753304150869491
4997,0.7965223855033648
4998,0.9321994402421211
4999,0.8206112542580055
